{"model_info": {"trainable_params": 85799424, "all_params": 85799424, "trainable_percentage": 1.0}, "sun397": {"accuracy": 0.6593450903892517, "loss": 1.2546535730361938}, "stanford-cars": {"accuracy": 0.6826265454292297, "loss": 0.9459015727043152}, "resisc45": {"accuracy": 0.7549206614494324, "loss": 0.813710629940033}, "eurosat": {"accuracy": 0.8422222137451172, "loss": 0.48309528827667236}, "svhn": {"accuracy": 0.8866010904312134, "loss": 0.4089556932449341}, "gtsrb": {"accuracy": 0.8174980282783508, "loss": 0.7196680903434753}, "mnist": {"accuracy": 0.980400025844574, "loss": 0.11236078292131424}, "dtd": {"accuracy": 0.542553186416626, "loss": 1.8629814386367798}, "average": {"accuracy": 0.7707708552479744, "loss": 0.8251658836379647}}