{"model_info": {"trainable_params": 85799424, "all_params": 85799424, "trainable_percentage": 1.0}, "sun397": {"accuracy": 0.7088664770126343, "loss": 1.0032341480255127}, "stanford-cars": {"accuracy": 0.7185673713684082, "loss": 0.793684184551239}, "resisc45": {"accuracy": 0.7623809576034546, "loss": 0.727389395236969}, "eurosat": {"accuracy": 0.9348148107528687, "loss": 0.2020721435546875}, "svhn": {"accuracy": 0.7743162512779236, "loss": 0.8193095326423645}, "gtsrb": {"accuracy": 0.6125890612602234, "loss": 1.25739324092865}, "mnist": {"accuracy": 0.907800018787384, "loss": 0.5461490154266357}, "dtd": {"accuracy": 0.5239361524581909, "loss": 1.759987473487854}, "average": {"accuracy": 0.742908887565136, "loss": 0.888652391731739}}