{"model_info": {"trainable_params": 0, "all_params": 85799424, "trainable_percentage": 0.0}, "sun397": {"accuracy": 0.7069017887115479, "loss": 1.1483863592147827}, "stanford-cars": {"accuracy": 0.7969158291816711, "loss": 0.6092821359634399}, "resisc45": {"accuracy": 0.8614285588264465, "loss": 0.5134729146957397}, "eurosat": {"accuracy": 0.9366666674613953, "loss": 0.22811704874038696}, "svhn": {"accuracy": 0.9353103637695312, "loss": 0.266677588224411}, "gtsrb": {"accuracy": 0.9545526504516602, "loss": 0.1702202707529068}, "mnist": {"accuracy": 0.9812999963760376, "loss": 0.10547804832458496}, "dtd": {"accuracy": 0.6297872066497803, "loss": 1.5207064151763916}, "average": {"accuracy": 0.8503578826785088, "loss": 0.5702925976365805}}