{"model_info": {"trainable_params": 9449472, "all_params": 189989376, "trainable_percentage": 0.04973684423280594}, "sun397": {"accuracy": 0.767959713935852, "loss": 0.9841313362121582}, "stanford-cars": {"accuracy": 0.867678165435791, "loss": 0.49388253688812256}, "resisc45": {"accuracy": 0.941428542137146, "loss": 0.2812677025794983}, "eurosat": {"accuracy": 0.9792592525482178, "loss": 0.10187143832445145}, "svhn": {"accuracy": 0.9662722945213318, "loss": 0.1796211153268814}, "gtsrb": {"accuracy": 0.989311158657074, "loss": 0.07227044552564621}, "mnist": {"accuracy": 0.9945999979972839, "loss": 0.039625559002161026}, "dtd": {"accuracy": 0.7952127456665039, "loss": 1.5097347497940063}, "average": {"accuracy": 0.9127152338624, "loss": 0.4578006104566157}}