{"model_info": {"trainable_params": 18898944, "all_params": 293810688, "trainable_percentage": 0.06432354155884214}, "sun397": {"accuracy": 0.7658438086509705, "loss": 0.9853822588920593}, "stanford-cars": {"accuracy": 0.8628280162811279, "loss": 0.4961734116077423}, "resisc45": {"accuracy": 0.9420635104179382, "loss": 0.27671465277671814}, "eurosat": {"accuracy": 0.9788888692855835, "loss": 0.08824829757213593}, "svhn": {"accuracy": 0.9650814533233643, "loss": 0.18097703158855438}, "gtsrb": {"accuracy": 0.9853523373603821, "loss": 0.08250661939382553}, "mnist": {"accuracy": 0.9937000274658203, "loss": 0.039975494146347046}, "dtd": {"accuracy": 0.7968084812164307, "loss": 1.4864856004714966}, "average": {"accuracy": 0.9113208130002022, "loss": 0.4545579208061099}}