{"model_info": {"trainable_params": 2362368, "all_params": 112123392, "trainable_percentage": 0.02106935901475403}, "sun397": {"accuracy": 0.7561209201812744, "loss": 0.9517325162887573}, "stanford-cars": {"accuracy": 0.8211665153503418, "loss": 0.5934547781944275}, "resisc45": {"accuracy": 0.9279364943504333, "loss": 0.3070647716522217}, "eurosat": {"accuracy": 0.9714815020561218, "loss": 0.13470271229743958}, "svhn": {"accuracy": 0.9598186612129211, "loss": 0.19585256278514862}, "gtsrb": {"accuracy": 0.9847980737686157, "loss": 0.08979886025190353}, "mnist": {"accuracy": 0.9939000010490417, "loss": 0.036394618451595306}, "dtd": {"accuracy": 0.7845744490623474, "loss": 1.2780364751815796}, "average": {"accuracy": 0.8999745771288872, "loss": 0.44837966188788414}}