{"model_info": {"trainable_params": 37797888, "all_params": 501453312, "trainable_percentage": 0.07537668432031415}, "sun397": {"accuracy": 0.7678589224815369, "loss": 0.9071324467658997}, "stanford-cars": {"accuracy": 0.8445466756820679, "loss": 0.5082290768623352}, "resisc45": {"accuracy": 0.9384127259254456, "loss": 0.23071126639842987}, "eurosat": {"accuracy": 0.9766666889190674, "loss": 0.09663240611553192}, "svhn": {"accuracy": 0.9540949463844299, "loss": 0.2349490523338318}, "gtsrb": {"accuracy": 0.9839271306991577, "loss": 0.08439990878105164}, "mnist": {"accuracy": 0.9930999875068665, "loss": 0.04692536219954491}, "dtd": {"accuracy": 0.7994681000709534, "loss": 1.185882568359375}, "average": {"accuracy": 0.9072593972086906, "loss": 0.411857760977}}