{"model_info": {"trainable_params": 18898944, "all_params": 293810688, "trainable_percentage": 0.06432354155884214}, "sun397": {"accuracy": 0.7661461234092712, "loss": 1.007775068283081}, "stanford-cars": {"accuracy": 0.8737719058990479, "loss": 0.4662383198738098}, "resisc45": {"accuracy": 0.941428542137146, "loss": 0.2975020706653595}, "eurosat": {"accuracy": 0.9822221994400024, "loss": 0.11367668956518173}, "svhn": {"accuracy": 0.9691533446311951, "loss": 0.1741168051958084}, "gtsrb": {"accuracy": 0.9883610606193542, "loss": 0.07906153798103333}, "mnist": {"accuracy": 0.9948999881744385, "loss": 0.03686736151576042}, "dtd": {"accuracy": 0.800000011920929, "loss": 1.5281140804290771}, "average": {"accuracy": 0.914497897028923, "loss": 0.4629189916886389}}