{"model_info": {"trainable_params": 4724736, "all_params": 138078720, "trainable_percentage": 0.03421769842594138}, "sun397": {"accuracy": 0.7599999904632568, "loss": 0.9351925849914551}, "stanford-cars": {"accuracy": 0.8450441360473633, "loss": 0.5270362496376038}, "resisc45": {"accuracy": 0.929206371307373, "loss": 0.31710827350616455}, "eurosat": {"accuracy": 0.9800000190734863, "loss": 0.09282901883125305}, "svhn": {"accuracy": 0.9651582837104797, "loss": 0.1771519035100937}, "gtsrb": {"accuracy": 0.9845605492591858, "loss": 0.08001614362001419}, "mnist": {"accuracy": 0.9940000176429749, "loss": 0.039520494639873505}, "dtd": {"accuracy": 0.7936170101165771, "loss": 1.3440709114074707}, "average": {"accuracy": 0.9064482972025871, "loss": 0.43911569751799107}}