{"model_info": {"trainable_params": 2362368, "all_params": 112123392, "trainable_percentage": 0.02106935901475403}, "sun397": {"accuracy": 0.7603526711463928, "loss": 0.9520918130874634}, "stanford-cars": {"accuracy": 0.8354682326316833, "loss": 0.5638587474822998}, "resisc45": {"accuracy": 0.9363492131233215, "loss": 0.2793724536895752}, "eurosat": {"accuracy": 0.9818518757820129, "loss": 0.08043661713600159}, "svhn": {"accuracy": 0.9660418033599854, "loss": 0.17907802760601044}, "gtsrb": {"accuracy": 0.9842438697814941, "loss": 0.08486408740282059}, "mnist": {"accuracy": 0.9940999746322632, "loss": 0.03677164018154144}, "dtd": {"accuracy": 0.7861701846122742, "loss": 1.3523491621017456}, "average": {"accuracy": 0.9055722281336784, "loss": 0.44110281858593225}}