{"model_info": {"trainable_params": 9449472, "all_params": 189989376, "trainable_percentage": 0.04973684423280594}, "sun397": {"accuracy": 0.7625188827514648, "loss": 0.957616925239563}, "stanford-cars": {"accuracy": 0.8571073412895203, "loss": 0.4815525412559509}, "resisc45": {"accuracy": 0.9379364848136902, "loss": 0.2895658016204834}, "eurosat": {"accuracy": 0.9762963056564331, "loss": 0.11681800335645676}, "svhn": {"accuracy": 0.9609326720237732, "loss": 0.1960415542125702}, "gtsrb": {"accuracy": 0.9862232804298401, "loss": 0.07858146727085114}, "mnist": {"accuracy": 0.9940000176429749, "loss": 0.0341762937605381}, "dtd": {"accuracy": 0.8005319237709045, "loss": 1.366326093673706}, "average": {"accuracy": 0.9094433635473251, "loss": 0.44008483504876494}}