{"model_info": {"trainable_params": 37797888, "all_params": 501453312, "trainable_percentage": 0.07537668432031415}, "sun397": {"accuracy": 0.7690680027008057, "loss": 1.014641284942627}, "stanford-cars": {"accuracy": 0.8741450309753418, "loss": 0.4760285019874573}, "resisc45": {"accuracy": 0.948888897895813, "loss": 0.25495144724845886}, "eurosat": {"accuracy": 0.9803703427314758, "loss": 0.12068292498588562}, "svhn": {"accuracy": 0.9658881425857544, "loss": 0.18975567817687988}, "gtsrb": {"accuracy": 0.9889152646064758, "loss": 0.08320792019367218}, "mnist": {"accuracy": 0.9955999851226807, "loss": 0.03423764184117317}, "dtd": {"accuracy": 0.7968084812164307, "loss": 1.6209295988082886}, "average": {"accuracy": 0.9149605184793472, "loss": 0.4743043747730553}}