{"model_info": {"trainable_params": 1181184, "all_params": 99145728, "trainable_percentage": 0.011913614674350871}, "sun397": {"accuracy": 0.7256423234939575, "loss": 1.0046042203903198}, "stanford-cars": {"accuracy": 0.7338639497756958, "loss": 0.8347067832946777}, "resisc45": {"accuracy": 0.8765079379081726, "loss": 0.4323814809322357}, "eurosat": {"accuracy": 0.9770370125770569, "loss": 0.08807037770748138}, "svhn": {"accuracy": 0.9311232566833496, "loss": 0.3218604326248169}, "gtsrb": {"accuracy": 0.9436262845993042, "loss": 0.206354558467865}, "mnist": {"accuracy": 0.9904999732971191, "loss": 0.05868769437074661}, "dtd": {"accuracy": 0.757446825504303, "loss": 1.0741877555847168}, "average": {"accuracy": 0.8669684454798698, "loss": 0.5026066629216075}}