{"model_info": {"trainable_params": 4724736, "all_params": 138078720, "trainable_percentage": 0.03421769842594138}, "sun397": {"accuracy": 0.746549129486084, "loss": 0.9426539540290833}, "stanford-cars": {"accuracy": 0.7977863550186157, "loss": 0.6494415998458862}, "resisc45": {"accuracy": 0.9295238256454468, "loss": 0.2647472620010376}, "eurosat": {"accuracy": 0.9685184955596924, "loss": 0.1408088058233261}, "svhn": {"accuracy": 0.9588583111763, "loss": 0.19668859243392944}, "gtsrb": {"accuracy": 0.978622317314148, "loss": 0.09566517919301987}, "mnist": {"accuracy": 0.9919000267982483, "loss": 0.055881332606077194}, "dtd": {"accuracy": 0.7781915068626404, "loss": 1.1169625520706177}, "average": {"accuracy": 0.8937437459826469, "loss": 0.43285615975037217}}