{"model_info": {"trainable_params": 37797888, "all_params": 501453312, "trainable_percentage": 0.07537668432031415}, "sun397": {"accuracy": 0.7640302181243896, "loss": 1.0809472799301147}, "stanford-cars": {"accuracy": 0.8722795844078064, "loss": 0.5237333178520203}, "resisc45": {"accuracy": 0.9377777576446533, "loss": 0.3627898395061493}, "eurosat": {"accuracy": 0.9185185432434082, "loss": 0.6016637086868286}, "svhn": {"accuracy": 0.9500230550765991, "loss": 0.2992691993713379}, "gtsrb": {"accuracy": 0.9866983294487, "loss": 0.10831820219755173}, "mnist": {"accuracy": 0.9945999979972839, "loss": 0.04167977347970009}, "dtd": {"accuracy": 0.7904255390167236, "loss": 1.8783290386199951}, "average": {"accuracy": 0.9017941281199455, "loss": 0.6120912949554622}}