{"model_info": {"trainable_params": 18898944, "all_params": 293810688, "trainable_percentage": 0.06432354155884214}, "sun397": {"accuracy": 0.7642821073532104, "loss": 1.058004379272461}, "stanford-cars": {"accuracy": 0.8750155568122864, "loss": 0.5152691006660461}, "resisc45": {"accuracy": 0.9482539892196655, "loss": 0.3016839623451233}, "eurosat": {"accuracy": 0.9855555295944214, "loss": 0.08839582651853561}, "svhn": {"accuracy": 0.9587814807891846, "loss": 0.2503875195980072}, "gtsrb": {"accuracy": 0.9870942234992981, "loss": 0.10261419415473938}, "mnist": {"accuracy": 0.9943000078201294, "loss": 0.03969059884548187}, "dtd": {"accuracy": 0.8015957474708557, "loss": 1.8114526271820068}, "average": {"accuracy": 0.9143598303198814, "loss": 0.5209372760728002}}