{"model_info": {"trainable_params": 4724736, "all_params": 138078720, "trainable_percentage": 0.03421769842594138}, "sun397": {"accuracy": 0.7649370431900024, "loss": 0.9825403094291687}, "stanford-cars": {"accuracy": 0.8614600300788879, "loss": 0.5214419364929199}, "resisc45": {"accuracy": 0.9438095092773438, "loss": 0.31427857279777527}, "eurosat": {"accuracy": 0.9781481623649597, "loss": 0.1180470883846283}, "svhn": {"accuracy": 0.9610095024108887, "loss": 0.21012824773788452}, "gtsrb": {"accuracy": 0.9858273863792419, "loss": 0.09483224898576736}, "mnist": {"accuracy": 0.9940999746322632, "loss": 0.042392972856760025}, "dtd": {"accuracy": 0.8037233948707581, "loss": 1.5879135131835938}, "average": {"accuracy": 0.9116268754005432, "loss": 0.48394686123356223}}