{"model_info": {"trainable_params": 1181184, "all_params": 99145728, "trainable_percentage": 0.011913614674350871}, "sun397": {"accuracy": 0.7395465970039368, "loss": 0.9797338843345642}, "stanford-cars": {"accuracy": 0.777888298034668, "loss": 0.710207462310791}, "resisc45": {"accuracy": 0.9150793552398682, "loss": 0.3313007652759552}, "eurosat": {"accuracy": 0.9688888788223267, "loss": 0.12928004562854767}, "svhn": {"accuracy": 0.9561309218406677, "loss": 0.21459433436393738}, "gtsrb": {"accuracy": 0.9653998613357544, "loss": 0.16510990262031555}, "mnist": {"accuracy": 0.9934999942779541, "loss": 0.044253721833229065}, "dtd": {"accuracy": 0.7728723287582397, "loss": 1.19649338722229}, "average": {"accuracy": 0.8861632794141769, "loss": 0.47137168794870377}}