{"model_info": {"trainable_params": 4724736, "all_params": 138078720, "trainable_percentage": 0.03421769842594138}, "sun397": {"accuracy": 0.7646851539611816, "loss": 0.9339627027511597}, "stanford-cars": {"accuracy": 0.8511379361152649, "loss": 0.5183077454566956}, "resisc45": {"accuracy": 0.934920608997345, "loss": 0.3308907747268677}, "eurosat": {"accuracy": 0.978518545627594, "loss": 0.13047896325588226}, "svhn": {"accuracy": 0.9659265279769897, "loss": 0.17461174726486206}, "gtsrb": {"accuracy": 0.9861441254615784, "loss": 0.08384630084037781}, "mnist": {"accuracy": 0.9948999881744385, "loss": 0.034741248935461044}, "dtd": {"accuracy": 0.7920212745666504, "loss": 1.4793131351470947}, "average": {"accuracy": 0.9085317701101303, "loss": 0.4607690772973001}}