{"model_info": {"trainable_params": 2362368, "all_params": 112123392, "trainable_percentage": 0.02106935901475403}, "sun397": {"accuracy": 0.7621158957481384, "loss": 0.9636621475219727}, "stanford-cars": {"accuracy": 0.8414376378059387, "loss": 0.5600829720497131}, "resisc45": {"accuracy": 0.9355555772781372, "loss": 0.3156372606754303}, "eurosat": {"accuracy": 0.9714815020561218, "loss": 0.19551227986812592}, "svhn": {"accuracy": 0.9682313799858093, "loss": 0.16909201443195343}, "gtsrb": {"accuracy": 0.9840855002403259, "loss": 0.1082647293806076}, "mnist": {"accuracy": 0.9952999949455261, "loss": 0.033759523183107376}, "dtd": {"accuracy": 0.789893627166748, "loss": 1.5197558403015137}, "average": {"accuracy": 0.9060126394033432, "loss": 0.483220845926553}}