{"model_info": {"trainable_params": 18898944, "all_params": 293810688, "trainable_percentage": 0.06432354155884214}, "sun397": {"accuracy": 0.7618135809898376, "loss": 0.9349942207336426}, "stanford-cars": {"accuracy": 0.830866813659668, "loss": 0.5207024216651917}, "resisc45": {"accuracy": 0.9382539391517639, "loss": 0.2617301642894745}, "eurosat": {"accuracy": 0.9781481623649597, "loss": 0.105371855199337}, "svhn": {"accuracy": 0.9544022679328918, "loss": 0.23159857094287872}, "gtsrb": {"accuracy": 0.9796516299247742, "loss": 0.09539762139320374}, "mnist": {"accuracy": 0.9930999875068665, "loss": 0.05054148659110069}, "dtd": {"accuracy": 0.7893617153167725, "loss": 1.2422535419464111}, "average": {"accuracy": 0.9031997621059418, "loss": 0.430323735345155}}