{"model_info": {"trainable_params": 37797888, "all_params": 501453312, "trainable_percentage": 0.07537668432031415}, "sun397": {"accuracy": 0.7672040462493896, "loss": 1.0007261037826538}, "stanford-cars": {"accuracy": 0.8711603283882141, "loss": 0.47912129759788513}, "resisc45": {"accuracy": 0.94349205493927, "loss": 0.2701818645000458}, "eurosat": {"accuracy": 0.9811111092567444, "loss": 0.10646826773881912}, "svhn": {"accuracy": 0.9635832905769348, "loss": 0.18964412808418274}, "gtsrb": {"accuracy": 0.9866983294487, "loss": 0.0870332419872284}, "mnist": {"accuracy": 0.9937000274658203, "loss": 0.03942520543932915}, "dtd": {"accuracy": 0.7968084812164307, "loss": 1.5155209302902222}, "average": {"accuracy": 0.912969708442688, "loss": 0.4610151299275458}}