{"model_info": {"trainable_params": 1181184, "all_params": 99145728, "trainable_percentage": 0.011913614674350871}, "sun397": {"accuracy": 0.7472040057182312, "loss": 0.9822584390640259}, "stanford-cars": {"accuracy": 0.816067636013031, "loss": 0.6363217234611511}, "resisc45": {"accuracy": 0.9274603128433228, "loss": 0.35161128640174866}, "eurosat": {"accuracy": 0.9777777791023254, "loss": 0.11207684874534607}, "svhn": {"accuracy": 0.9635448455810547, "loss": 0.18602274358272552}, "gtsrb": {"accuracy": 0.9798891544342041, "loss": 0.10242900252342224}, "mnist": {"accuracy": 0.9943000078201294, "loss": 0.03447891026735306}, "dtd": {"accuracy": 0.7755318880081177, "loss": 1.3681625127792358}, "average": {"accuracy": 0.897721953690052, "loss": 0.47167018335312605}}