{"model_info": {"trainable_params": 1181184, "all_params": 99145728, "trainable_percentage": 0.011913614674350871}, "sun397": {"accuracy": 0.7502266764640808, "loss": 0.9531858563423157}, "stanford-cars": {"accuracy": 0.8088546395301819, "loss": 0.6270998120307922}, "resisc45": {"accuracy": 0.9228571653366089, "loss": 0.3282172381877899}, "eurosat": {"accuracy": 0.9755555391311646, "loss": 0.11115913838148117}, "svhn": {"accuracy": 0.961547315120697, "loss": 0.1908797323703766}, "gtsrb": {"accuracy": 0.9727632403373718, "loss": 0.13060128688812256}, "mnist": {"accuracy": 0.9941999912261963, "loss": 0.03372695669531822}, "dtd": {"accuracy": 0.7670212984085083, "loss": 1.3249187469482422}, "average": {"accuracy": 0.8941282331943512, "loss": 0.4624735959805548}}