{"model_info": {"trainable_params": 9449472, "all_params": 189989376, "trainable_percentage": 0.04973684423280594}, "sun397": {"accuracy": 0.7530982494354248, "loss": 0.9476338624954224}, "stanford-cars": {"accuracy": 0.8195497989654541, "loss": 0.562890350818634}, "resisc45": {"accuracy": 0.9333333373069763, "loss": 0.2647363841533661}, "eurosat": {"accuracy": 0.9740740656852722, "loss": 0.12318357825279236}, "svhn": {"accuracy": 0.9509834051132202, "loss": 0.23535016179084778}, "gtsrb": {"accuracy": 0.980126678943634, "loss": 0.09186903387308121}, "mnist": {"accuracy": 0.9916999936103821, "loss": 0.05306961387395859}, "dtd": {"accuracy": 0.7835106253623962, "loss": 1.238037347793579}, "average": {"accuracy": 0.898297019302845, "loss": 0.4395962916314602}}