{"model_info": {"trainable_params": 2362368, "all_params": 112123392, "trainable_percentage": 0.02106935901475403}, "sun397": {"accuracy": 0.732997477054596, "loss": 0.9787701368331909}, "stanford-cars": {"accuracy": 0.7816191911697388, "loss": 0.666841447353363}, "resisc45": {"accuracy": 0.9138095378875732, "loss": 0.32383713126182556}, "eurosat": {"accuracy": 0.9637036919593811, "loss": 0.16346275806427002}, "svhn": {"accuracy": 0.9534419178962708, "loss": 0.2112867683172226}, "gtsrb": {"accuracy": 0.9703879356384277, "loss": 0.12722742557525635}, "mnist": {"accuracy": 0.9923999905586243, "loss": 0.044015463441610336}, "dtd": {"accuracy": 0.7622340321540833, "loss": 1.158673882484436}, "average": {"accuracy": 0.8838242217898369, "loss": 0.45926437666639686}}