{"model_info": {"trainable_params": 9449472, "all_params": 189989376, "trainable_percentage": 0.04973684423280594}, "sun397": {"accuracy": 0.7580856680870056, "loss": 1.0588761568069458}, "stanford-cars": {"accuracy": 0.8673050403594971, "loss": 0.5160911083221436}, "resisc45": {"accuracy": 0.9415873289108276, "loss": 0.33314046263694763}, "eurosat": {"accuracy": 0.982962965965271, "loss": 0.10454035550355911}, "svhn": {"accuracy": 0.9507145285606384, "loss": 0.28334560990333557}, "gtsrb": {"accuracy": 0.9839271306991577, "loss": 0.09658238291740417}, "mnist": {"accuracy": 0.9941999912261963, "loss": 0.04184727743268013}, "dtd": {"accuracy": 0.789893627166748, "loss": 1.8580825328826904}, "average": {"accuracy": 0.9085845351219177, "loss": 0.5365632358007133}}