{"model_info": {"trainable_params": 85799424, "all_params": 85799424, "trainable_percentage": 1.0}, "sun397": {"accuracy": 0.7119899392127991, "loss": 0.9993931651115417}, "stanford-cars": {"accuracy": 0.7644571661949158, "loss": 0.695003092288971}, "resisc45": {"accuracy": 0.8606349229812622, "loss": 0.432081937789917}, "eurosat": {"accuracy": 0.9540740847587585, "loss": 0.15125736594200134}, "svhn": {"accuracy": 0.9390749931335449, "loss": 0.23602809011936188}, "gtsrb": {"accuracy": 0.8650831580162048, "loss": 0.47629478573799133}, "mnist": {"accuracy": 0.9843000173568726, "loss": 0.08732406795024872}, "dtd": {"accuracy": 0.6436170339584351, "loss": 1.2711676359176636}, "average": {"accuracy": 0.8404039144515991, "loss": 0.5435687676072121}}