{"model_info": {"trainable_params": 85799424, "all_params": 85799424, "trainable_percentage": 1.0}, "sun397": {"accuracy": 0.687405526638031, "loss": 1.0901360511779785}, "stanford-cars": {"accuracy": 0.6904613971710205, "loss": 0.8648169040679932}, "resisc45": {"accuracy": 0.7506349086761475, "loss": 0.7450535297393799}, "eurosat": {"accuracy": 0.8329629898071289, "loss": 0.5524013042449951}, "svhn": {"accuracy": 0.7497695088386536, "loss": 0.8585422039031982}, "gtsrb": {"accuracy": 0.6257323622703552, "loss": 1.2351800203323364}, "mnist": {"accuracy": 0.9375, "loss": 0.40046560764312744}, "dtd": {"accuracy": 0.5117021203041077, "loss": 1.7985786199569702}, "average": {"accuracy": 0.7232711017131805, "loss": 0.9431467801332474}}