{"model_info": {"trainable_params": 85799424, "all_params": 85799424, "trainable_percentage": 1.0}, "sun397": {"accuracy": 0.6591435670852661, "loss": 1.2543015480041504}, "stanford-cars": {"accuracy": 0.6831240057945251, "loss": 0.9483378529548645}, "resisc45": {"accuracy": 0.7549206614494324, "loss": 0.8135021924972534}, "eurosat": {"accuracy": 0.8451851606369019, "loss": 0.476523756980896}, "svhn": {"accuracy": 0.8887138962745667, "loss": 0.4041256904602051}, "gtsrb": {"accuracy": 0.819635808467865, "loss": 0.7142267823219299}, "mnist": {"accuracy": 0.9807999730110168, "loss": 0.11193975806236267}, "dtd": {"accuracy": 0.539893627166748, "loss": 1.8619880676269531}, "average": {"accuracy": 0.7714270874857903, "loss": 0.8231182061135769}}