{"model_info": {"trainable_params": 85799424, "all_params": 85799424, "trainable_percentage": 1.0}, "sun397": {"accuracy": 0.7065491080284119, "loss": 1.0512232780456543}, "stanford-cars": {"accuracy": 0.7123492360115051, "loss": 0.8189370632171631}, "resisc45": {"accuracy": 0.7988888621330261, "loss": 0.6191905736923218}, "eurosat": {"accuracy": 0.8751851916313171, "loss": 0.4163678288459778}, "svhn": {"accuracy": 0.8328595757484436, "loss": 0.5673043727874756}, "gtsrb": {"accuracy": 0.762866199016571, "loss": 0.8532496094703674}, "mnist": {"accuracy": 0.9642999768257141, "loss": 0.18905121088027954}, "dtd": {"accuracy": 0.5547872185707092, "loss": 1.7246206998825073}, "average": {"accuracy": 0.7759731709957123, "loss": 0.7799930796027184}}