{"model_info": {"trainable_params": 7160928, "all_params": 546313824, "trainable_percentage": 0.013107718833781515}, "sun397": {"accuracy": 0.7658438086509705, "loss": 0.9302754402160645}, "stanford-cars": {"accuracy": 0.8511379361152649, "loss": 0.4976043999195099}, "resisc45": {"accuracy": 0.9446031451225281, "loss": 0.22634336352348328}, "eurosat": {"accuracy": 0.9885185360908508, "loss": 0.046684667468070984}, "svhn": {"accuracy": 0.9713813662528992, "loss": 0.13370567560195923}, "gtsrb": {"accuracy": 0.9904196262359619, "loss": 0.04943523928523064}, "mnist": {"accuracy": 0.9962999820709229, "loss": 0.024758735671639442}, "dtd": {"accuracy": 0.8021276593208313, "loss": 1.0362896919250488}, "average": {"accuracy": 0.9137915074825287, "loss": 0.36813715170137584}}