{"model_info": {"trainable_params": 87456000, "all_params": 87456000, "trainable_percentage": 1.0}, "sun397": {"accuracy": 0.570125937461853, "loss": 1.7033957242965698}, "stanford-cars": {"accuracy": 0.5537868142127991, "loss": 1.4955559968948364}, "resisc45": {"accuracy": 0.6461904644966125, "loss": 1.377616286277771}, "eurosat": {"accuracy": 0.732962965965271, "loss": 0.7600327134132385}, "svhn": {"accuracy": 0.776736319065094, "loss": 0.7137153744697571}, "gtsrb": {"accuracy": 0.682343602180481, "loss": 1.233568787574768}, "mnist": {"accuracy": 0.9613000154495239, "loss": 0.1566368043422699}, "dtd": {"accuracy": 0.47712767124176025, "loss": 2.1442549228668213}, "average": {"accuracy": 0.6750717237591743, "loss": 1.198097076267004}}