{"model_info": {"trainable_params": 87456000, "all_params": 87456000, "trainable_percentage": 1.0}, "sun397": {"accuracy": 0.6703778505325317, "loss": 1.146519422531128}, "stanford-cars": {"accuracy": 0.6822534799575806, "loss": 0.9658161997795105}, "resisc45": {"accuracy": 0.7284126877784729, "loss": 0.9156029224395752}, "eurosat": {"accuracy": 0.757777750492096, "loss": 0.6534376740455627}, "svhn": {"accuracy": 0.8019360899925232, "loss": 0.7133170962333679}, "gtsrb": {"accuracy": 0.5633412599563599, "loss": 1.566210389137268}, "mnist": {"accuracy": 0.8877999782562256, "loss": 0.5477895140647888}, "dtd": {"accuracy": 0.535106360912323, "loss": 1.7088993787765503}, "average": {"accuracy": 0.7033756822347641, "loss": 1.027199074625969}}