{"model_info": {"trainable_params": 0, "all_params": 87456000, "trainable_percentage": 0.0}, "sun397": {"accuracy": 0.6789924502372742, "loss": 1.2272298336029053}, "stanford-cars": {"accuracy": 0.7128466367721558, "loss": 0.8999789357185364}, "resisc45": {"accuracy": 0.8388888835906982, "loss": 0.6309283971786499}, "eurosat": {"accuracy": 0.9218518733978271, "loss": 0.2503564655780792}, "svhn": {"accuracy": 0.8796865344047546, "loss": 0.4268699288368225}, "gtsrb": {"accuracy": 0.9301662445068359, "loss": 0.2399401217699051}, "mnist": {"accuracy": 0.9822999835014343, "loss": 0.07150321453809738}, "dtd": {"accuracy": 0.6696808338165283, "loss": 1.327515959739685}, "average": {"accuracy": 0.8268016800284386, "loss": 0.6342903571203351}}