{"model_info": {"trainable_params": 2362368, "all_params": 113779968, "trainable_percentage": 0.02076260031994384}, "sun397": {"accuracy": 0.7069521546363831, "loss": 1.122316837310791}, "stanford-cars": {"accuracy": 0.7134684920310974, "loss": 0.9854286909103394}, "resisc45": {"accuracy": 0.9153968095779419, "loss": 0.3571908473968506}, "eurosat": {"accuracy": 0.9748148322105408, "loss": 0.11127693206071854}, "svhn": {"accuracy": 0.9558236002922058, "loss": 0.1946919560432434}, "gtsrb": {"accuracy": 0.9739509224891663, "loss": 0.10461392998695374}, "mnist": {"accuracy": 0.9936000108718872, "loss": 0.02927139215171337}, "dtd": {"accuracy": 0.7393617033958435, "loss": 1.5974946022033691}, "average": {"accuracy": 0.8716710656881332, "loss": 0.5627856485079974}}