{"model_info": {"trainable_params": 37797888, "all_params": 503109888, "trainable_percentage": 0.07512849359859927}, "sun397": {"accuracy": 0.7308816313743591, "loss": 1.2343997955322266}, "stanford-cars": {"accuracy": 0.7711727619171143, "loss": 1.107346773147583}, "resisc45": {"accuracy": 0.9350793361663818, "loss": 0.3695524334907532}, "eurosat": {"accuracy": 0.9503703713417053, "loss": 0.3126552999019623}, "svhn": {"accuracy": 0.9384219646453857, "loss": 0.32535994052886963}, "gtsrb": {"accuracy": 0.9843230247497559, "loss": 0.09539715945720673}, "mnist": {"accuracy": 0.9944000244140625, "loss": 0.030550237745046616}, "dtd": {"accuracy": 0.76382976770401, "loss": 2.2076947689056396}, "average": {"accuracy": 0.8835598602890968, "loss": 0.710369551088661}}