{"model_info": {"trainable_params": 2362368, "all_params": 113779968, "trainable_percentage": 0.02076260031994384}, "sun397": {"accuracy": 0.7261461019515991, "loss": 1.100805401802063}, "stanford-cars": {"accuracy": 0.7526426911354065, "loss": 0.9276902675628662}, "resisc45": {"accuracy": 0.9263492226600647, "loss": 0.35614651441574097}, "eurosat": {"accuracy": 0.9525926113128662, "loss": 0.2516331970691681}, "svhn": {"accuracy": 0.943646252155304, "loss": 0.29833704233169556}, "gtsrb": {"accuracy": 0.980126678943634, "loss": 0.09379255771636963}, "mnist": {"accuracy": 0.9908999800682068, "loss": 0.04945351928472519}, "dtd": {"accuracy": 0.7553191781044006, "loss": 1.926819920539856}, "average": {"accuracy": 0.8784653395414352, "loss": 0.6255848025903106}}