{"model_info": {"trainable_params": 18898944, "all_params": 295467264, "trainable_percentage": 0.06396290317969032}, "sun397": {"accuracy": 0.7325440645217896, "loss": 1.1341394186019897}, "stanford-cars": {"accuracy": 0.7791319489479065, "loss": 0.8763463497161865}, "resisc45": {"accuracy": 0.9277777671813965, "loss": 0.3749498724937439}, "eurosat": {"accuracy": 0.9762963056564331, "loss": 0.1429007202386856}, "svhn": {"accuracy": 0.9520974159240723, "loss": 0.2433917075395584}, "gtsrb": {"accuracy": 0.982977032661438, "loss": 0.0903140977025032}, "mnist": {"accuracy": 0.9939000010490417, "loss": 0.03210730105638504}, "dtd": {"accuracy": 0.7526595592498779, "loss": 1.9875959157943726}, "average": {"accuracy": 0.8871730118989944, "loss": 0.6102181728929281}}