{"model_info": {"trainable_params": 18898944, "all_params": 295467264, "trainable_percentage": 0.06396290317969032}, "sun397": {"accuracy": 0.7308312058448792, "loss": 1.194878101348877}, "stanford-cars": {"accuracy": 0.7715458273887634, "loss": 1.0402441024780273}, "resisc45": {"accuracy": 0.9258730411529541, "loss": 0.4099551737308502}, "eurosat": {"accuracy": 0.9588888883590698, "loss": 0.3257039189338684}, "svhn": {"accuracy": 0.9495236873626709, "loss": 0.2773405909538269}, "gtsrb": {"accuracy": 0.9852731823921204, "loss": 0.09962394088506699}, "mnist": {"accuracy": 0.9919999837875366, "loss": 0.04482121765613556}, "dtd": {"accuracy": 0.7707446813583374, "loss": 2.112971305847168}, "average": {"accuracy": 0.8855850622057915, "loss": 0.6881922939792275}}