{"model_info": {"trainable_params": 4724736, "all_params": 139735296, "trainable_percentage": 0.03381204416670789}, "sun397": {"accuracy": 0.7258942127227783, "loss": 1.0848332643508911}, "stanford-cars": {"accuracy": 0.7451809644699097, "loss": 0.9183126091957092}, "resisc45": {"accuracy": 0.921746015548706, "loss": 0.33899199962615967}, "eurosat": {"accuracy": 0.9662963151931763, "loss": 0.17683103680610657}, "svhn": {"accuracy": 0.9533650875091553, "loss": 0.2127276211977005}, "gtsrb": {"accuracy": 0.9789390563964844, "loss": 0.1023799329996109}, "mnist": {"accuracy": 0.9930999875068665, "loss": 0.028966369107365608}, "dtd": {"accuracy": 0.7531914710998535, "loss": 1.68880033493042}, "average": {"accuracy": 0.8797141388058662, "loss": 0.5689803960267454}}