{"model_info": {"trainable_params": 37797888, "all_params": 503109888, "trainable_percentage": 0.07512849359859927}, "sun397": {"accuracy": 0.7331990003585815, "loss": 1.1290711164474487}, "stanford-cars": {"accuracy": 0.7517721652984619, "loss": 1.0043303966522217}, "resisc45": {"accuracy": 0.9282539486885071, "loss": 0.3660047948360443}, "eurosat": {"accuracy": 0.9748148322105408, "loss": 0.14916659891605377}, "svhn": {"accuracy": 0.9482944011688232, "loss": 0.25399768352508545}, "gtsrb": {"accuracy": 0.9822644591331482, "loss": 0.08630341291427612}, "mnist": {"accuracy": 0.9943000078201294, "loss": 0.028685618191957474}, "dtd": {"accuracy": 0.7627659440040588, "loss": 1.883733868598938}, "average": {"accuracy": 0.8844580948352814, "loss": 0.6126616862602532}}