{"model_info": {"trainable_params": 4724736, "all_params": 139735296, "trainable_percentage": 0.03381204416670789}, "sun397": {"accuracy": 0.7309823632240295, "loss": 1.0800124406814575}, "stanford-cars": {"accuracy": 0.7533888816833496, "loss": 0.919357419013977}, "resisc45": {"accuracy": 0.9277777671813965, "loss": 0.3553527593612671}, "eurosat": {"accuracy": 0.9718518257141113, "loss": 0.1402677744626999}, "svhn": {"accuracy": 0.9544022679328918, "loss": 0.22200706601142883}, "gtsrb": {"accuracy": 0.9824228286743164, "loss": 0.08812867850065231}, "mnist": {"accuracy": 0.9937000274658203, "loss": 0.027927860617637634}, "dtd": {"accuracy": 0.7505319118499756, "loss": 1.855663776397705}, "average": {"accuracy": 0.8831322342157364, "loss": 0.5860897218808532}}