{"model_info": {"trainable_params": 3072, "all_params": 111420672, "trainable_percentage": 2.757118535418634e-05}, "sun397": {"accuracy": 0.6453400254249573, "loss": 1.3122434616088867}, "stanford-cars": {"accuracy": 0.6352443695068359, "loss": 1.1435043811798096}, "resisc45": {"accuracy": 0.7368254065513611, "loss": 0.9675626158714294}, "eurosat": {"accuracy": 0.8899999856948853, "loss": 0.3360239267349243}, "svhn": {"accuracy": 0.8347034454345703, "loss": 0.5589075088500977}, "gtsrb": {"accuracy": 0.7404592037200928, "loss": 0.8842284679412842}, "mnist": {"accuracy": 0.9685999751091003, "loss": 0.13241539895534515}, "dtd": {"accuracy": 0.5515957474708557, "loss": 1.7848318815231323}, "average": {"accuracy": 0.7503460198640823, "loss": 0.8899647053331137}}