{"model_info": {"trainable_params": 1181184, "all_params": 100802304, "trainable_percentage": 0.011717827402040335}, "sun397": {"accuracy": 0.7140050530433655, "loss": 1.110260009765625}, "stanford-cars": {"accuracy": 0.7112299203872681, "loss": 1.0621750354766846}, "resisc45": {"accuracy": 0.9106349349021912, "loss": 0.4080931842327118}, "eurosat": {"accuracy": 0.9603703618049622, "loss": 0.22421520948410034}, "svhn": {"accuracy": 0.9354640245437622, "loss": 0.3261372745037079}, "gtsrb": {"accuracy": 0.9728424549102783, "loss": 0.11873127520084381}, "mnist": {"accuracy": 0.9940999746322632, "loss": 0.03009447269141674}, "dtd": {"accuracy": 0.728723406791687, "loss": 1.7526195049285889}, "average": {"accuracy": 0.8659212663769722, "loss": 0.6290407457854599}}