{"model_info": {"trainable_params": 2362368, "all_params": 113779968, "trainable_percentage": 0.02076260031994384}, "sun397": {"accuracy": 0.7212594747543335, "loss": 1.0803629159927368}, "stanford-cars": {"accuracy": 0.7461758255958557, "loss": 0.9088144302368164}, "resisc45": {"accuracy": 0.9261904954910278, "loss": 0.31893661618232727}, "eurosat": {"accuracy": 0.9759259223937988, "loss": 0.12894679605960846}, "svhn": {"accuracy": 0.9499077796936035, "loss": 0.23443341255187988}, "gtsrb": {"accuracy": 0.9808392524719238, "loss": 0.08087185770273209}, "mnist": {"accuracy": 0.9937999844551086, "loss": 0.02883000858128071}, "dtd": {"accuracy": 0.7515957355499268, "loss": 1.6618173122406006}, "average": {"accuracy": 0.8807118088006973, "loss": 0.5553766686934978}}