{"model_info": {"trainable_params": 18898944, "all_params": 295467264, "trainable_percentage": 0.06396290317969032}, "sun397": {"accuracy": 0.7118387818336487, "loss": 1.1344130039215088}, "stanford-cars": {"accuracy": 0.7377191781997681, "loss": 0.8945490121841431}, "resisc45": {"accuracy": 0.912063479423523, "loss": 0.35943686962127686}, "eurosat": {"accuracy": 0.9748148322105408, "loss": 0.10617489367723465}, "svhn": {"accuracy": 0.9346957802772522, "loss": 0.2957395017147064}, "gtsrb": {"accuracy": 0.9767220616340637, "loss": 0.09900221973657608}, "mnist": {"accuracy": 0.9922000169754028, "loss": 0.03595155104994774}, "dtd": {"accuracy": 0.7622340321540833, "loss": 1.4884740114212036}, "average": {"accuracy": 0.8752860203385353, "loss": 0.5517176329158247}}