{"model_info": {"trainable_params": 2362368, "all_params": 113779968, "trainable_percentage": 0.02076260031994384}, "sun397": {"accuracy": 0.6928463578224182, "loss": 1.1505680084228516}, "stanford-cars": {"accuracy": 0.616714358329773, "loss": 1.383418321609497}, "resisc45": {"accuracy": 0.8985714316368103, "loss": 0.39293044805526733}, "eurosat": {"accuracy": 0.9637036919593811, "loss": 0.1475873589515686}, "svhn": {"accuracy": 0.9365780353546143, "loss": 0.26639971137046814}, "gtsrb": {"accuracy": 0.964845597743988, "loss": 0.14881351590156555}, "mnist": {"accuracy": 0.9894999861717224, "loss": 0.042955800890922546}, "dtd": {"accuracy": 0.7313829660415649, "loss": 1.3231385946273804}, "average": {"accuracy": 0.849267803132534, "loss": 0.6069764699786901}}