{"model_info": {"trainable_params": 9449472, "all_params": 191645952, "trainable_percentage": 0.0493069219641018}, "sun397": {"accuracy": 0.7274055480957031, "loss": 1.1210771799087524}, "stanford-cars": {"accuracy": 0.7744061946868896, "loss": 0.8724032044410706}, "resisc45": {"accuracy": 0.9295238256454468, "loss": 0.35122886300086975}, "eurosat": {"accuracy": 0.9718518257141113, "loss": 0.17081281542778015}, "svhn": {"accuracy": 0.9588199257850647, "loss": 0.20575584471225739}, "gtsrb": {"accuracy": 0.9835312962532043, "loss": 0.07781892269849777}, "mnist": {"accuracy": 0.9945999979972839, "loss": 0.02840113267302513}, "dtd": {"accuracy": 0.7595744729042053, "loss": 1.868531346321106}, "average": {"accuracy": 0.8874641358852386, "loss": 0.5870036636479199}}