{"model_info": {"trainable_params": 9449472, "all_params": 191645952, "trainable_percentage": 0.0493069219641018}, "sun397": {"accuracy": 0.7148614525794983, "loss": 1.07591712474823}, "stanford-cars": {"accuracy": 0.7154582738876343, "loss": 0.9982905983924866}, "resisc45": {"accuracy": 0.9126983880996704, "loss": 0.3891010284423828}, "eurosat": {"accuracy": 0.9707407355308533, "loss": 0.10993185639381409}, "svhn": {"accuracy": 0.9214812517166138, "loss": 0.338163822889328}, "gtsrb": {"accuracy": 0.9688836336135864, "loss": 0.12438539415597916}, "mnist": {"accuracy": 0.9912999868392944, "loss": 0.03874959051609039}, "dtd": {"accuracy": 0.7531914710998535, "loss": 1.40451979637146}, "average": {"accuracy": 0.8685768991708755, "loss": 0.5598824014887214}}