{"model_info": {"trainable_params": 1181184, "all_params": 100802304, "trainable_percentage": 0.011717827402040335}, "sun397": {"accuracy": 0.6991435885429382, "loss": 1.1482974290847778}, "stanford-cars": {"accuracy": 0.6844919919967651, "loss": 1.0593534708023071}, "resisc45": {"accuracy": 0.8925396800041199, "loss": 0.4399241507053375}, "eurosat": {"accuracy": 0.9707407355308533, "loss": 0.15277336537837982}, "svhn": {"accuracy": 0.9467194080352783, "loss": 0.23511019349098206}, "gtsrb": {"accuracy": 0.966825008392334, "loss": 0.1390950083732605}, "mnist": {"accuracy": 0.9915000200271606, "loss": 0.03287496417760849}, "dtd": {"accuracy": 0.7164893746376038, "loss": 1.5427614450454712}, "average": {"accuracy": 0.8585562258958817, "loss": 0.5937737533822656}}