{"model_info": {"trainable_params": 4724736, "all_params": 139735296, "trainable_percentage": 0.03381204416670789}, "sun397": {"accuracy": 0.7282115817070007, "loss": 1.1267002820968628}, "stanford-cars": {"accuracy": 0.7629647850990295, "loss": 0.9283973574638367}, "resisc45": {"accuracy": 0.9326984286308289, "loss": 0.36373114585876465}, "eurosat": {"accuracy": 0.9366666674613953, "loss": 0.5008118152618408}, "svhn": {"accuracy": 0.9287415742874146, "loss": 0.3933751583099365}, "gtsrb": {"accuracy": 0.9806017279624939, "loss": 0.11066799610853195}, "mnist": {"accuracy": 0.994700014591217, "loss": 0.028623955324292183}, "dtd": {"accuracy": 0.7569149136543274, "loss": 1.9851471185684204}, "average": {"accuracy": 0.8776874616742134, "loss": 0.6796818536240608}}