{"model_info": {"trainable_params": 4724736, "all_params": 139735296, "trainable_percentage": 0.03381204416670789}, "sun397": {"accuracy": 0.7034257054328918, "loss": 1.1073682308197021}, "stanford-cars": {"accuracy": 0.663847804069519, "loss": 1.1609652042388916}, "resisc45": {"accuracy": 0.8960317373275757, "loss": 0.4260801374912262}, "eurosat": {"accuracy": 0.9681481719017029, "loss": 0.14423684775829315}, "svhn": {"accuracy": 0.9395359754562378, "loss": 0.26024162769317627}, "gtsrb": {"accuracy": 0.9692794680595398, "loss": 0.130936861038208}, "mnist": {"accuracy": 0.9922999739646912, "loss": 0.03340340405702591}, "dtd": {"accuracy": 0.7106382846832275, "loss": 1.4656058549880981}, "average": {"accuracy": 0.8554008901119232, "loss": 0.5911047710105777}}