{"model_info": {"trainable_params": 37797888, "all_params": 503109888, "trainable_percentage": 0.07512849359859927}, "sun397": {"accuracy": 0.7372292280197144, "loss": 1.1507288217544556}, "stanford-cars": {"accuracy": 0.7798781394958496, "loss": 0.9240618348121643}, "resisc45": {"accuracy": 0.9326984286308289, "loss": 0.363311231136322}, "eurosat": {"accuracy": 0.9762963056564331, "loss": 0.13084107637405396}, "svhn": {"accuracy": 0.9521742463111877, "loss": 0.23359565436840057}, "gtsrb": {"accuracy": 0.9862232804298401, "loss": 0.07481355965137482}, "mnist": {"accuracy": 0.9943000078201294, "loss": 0.031209157779812813}, "dtd": {"accuracy": 0.7622340321540833, "loss": 2.038519859313965}, "average": {"accuracy": 0.8901292085647583, "loss": 0.6183851493988186}}