{"model_info": {"trainable_params": 18898944, "all_params": 295467264, "trainable_percentage": 0.06396290317969032}, "sun397": {"accuracy": 0.7363224029541016, "loss": 1.0903822183609009}, "stanford-cars": {"accuracy": 0.771421492099762, "loss": 0.8883358240127563}, "resisc45": {"accuracy": 0.926031768321991, "loss": 0.36509421467781067}, "eurosat": {"accuracy": 0.9751851558685303, "loss": 0.13342231512069702}, "svhn": {"accuracy": 0.9559388160705566, "loss": 0.21757952868938446}, "gtsrb": {"accuracy": 0.9836896061897278, "loss": 0.07653447985649109}, "mnist": {"accuracy": 0.9944000244140625, "loss": 0.028804205358028412}, "dtd": {"accuracy": 0.76382976770401, "loss": 1.815252661705017}, "average": {"accuracy": 0.8883523792028427, "loss": 0.5769256809726357}}