{"model_info": {"trainable_params": 9449472, "all_params": 191645952, "trainable_percentage": 0.0493069219641018}, "sun397": {"accuracy": 0.7341057658195496, "loss": 1.1607272624969482}, "stanford-cars": {"accuracy": 0.779007613658905, "loss": 0.9098845720291138}, "resisc45": {"accuracy": 0.9320635199546814, "loss": 0.38139641284942627}, "eurosat": {"accuracy": 0.9637036919593811, "loss": 0.24572156369686127}, "svhn": {"accuracy": 0.9499462246894836, "loss": 0.26063355803489685}, "gtsrb": {"accuracy": 0.9842438697814941, "loss": 0.08961334824562073}, "mnist": {"accuracy": 0.9937000274658203, "loss": 0.034546881914138794}, "dtd": {"accuracy": 0.7739361524581909, "loss": 2.0737946033477783}, "average": {"accuracy": 0.8888383582234383, "loss": 0.644539775326848}}