{"model_info": {"trainable_params": 1181184, "all_params": 100802304, "trainable_percentage": 0.011717827402040335}, "sun397": {"accuracy": 0.6803526282310486, "loss": 1.1716011762619019}, "stanford-cars": {"accuracy": 0.6397214531898499, "loss": 1.2244623899459839}, "resisc45": {"accuracy": 0.8374603390693665, "loss": 0.6396650671958923}, "eurosat": {"accuracy": 0.9651851654052734, "loss": 0.13305507600307465}, "svhn": {"accuracy": 0.9322372674942017, "loss": 0.29349252581596375}, "gtsrb": {"accuracy": 0.9278701543807983, "loss": 0.2793322503566742}, "mnist": {"accuracy": 0.987500011920929, "loss": 0.05289972200989723}, "dtd": {"accuracy": 0.693617045879364, "loss": 1.3931403160095215}, "average": {"accuracy": 0.8329930081963539, "loss": 0.6484560654498637}}