{"model_info": {"trainable_params": 1181184, "all_params": 100802304, "trainable_percentage": 0.011717827402040335}, "sun397": {"accuracy": 0.7108312249183655, "loss": 1.1115983724594116}, "stanford-cars": {"accuracy": 0.7046387195587158, "loss": 1.0338631868362427}, "resisc45": {"accuracy": 0.9122222065925598, "loss": 0.3743649423122406}, "eurosat": {"accuracy": 0.9700000286102295, "loss": 0.1570947915315628}, "svhn": {"accuracy": 0.9499077796936035, "loss": 0.23276543617248535}, "gtsrb": {"accuracy": 0.966825008392334, "loss": 0.13966093957424164}, "mnist": {"accuracy": 0.9937999844551086, "loss": 0.027164945378899574}, "dtd": {"accuracy": 0.7164893746376038, "loss": 1.6652922630310059}, "average": {"accuracy": 0.8655892908573151, "loss": 0.5927256096620113}}