{"model_info": {"trainable_params": 9449472, "all_params": 191645952, "trainable_percentage": 0.0493069219641018}, "sun397": {"accuracy": 0.7279093265533447, "loss": 1.0932482481002808}, "stanford-cars": {"accuracy": 0.7387140989303589, "loss": 0.9816117882728577}, "resisc45": {"accuracy": 0.9247618913650513, "loss": 0.3493393659591675}, "eurosat": {"accuracy": 0.9696296453475952, "loss": 0.153229758143425}, "svhn": {"accuracy": 0.9489474296569824, "loss": 0.2412106990814209}, "gtsrb": {"accuracy": 0.9811559915542603, "loss": 0.0905413031578064}, "mnist": {"accuracy": 0.9937999844551086, "loss": 0.029136935248970985}, "dtd": {"accuracy": 0.757446825504303, "loss": 1.7097599506378174}, "average": {"accuracy": 0.8802956491708755, "loss": 0.5810097560752183}}