{"model_info": {"trainable_params": 37797888, "all_params": 503109888, "trainable_percentage": 0.07512849359859927}, "sun397": {"accuracy": 0.7230730652809143, "loss": 1.0779610872268677}, "stanford-cars": {"accuracy": 0.7476682066917419, "loss": 0.913593590259552}, "resisc45": {"accuracy": 0.9149206280708313, "loss": 0.3654320538043976}, "eurosat": {"accuracy": 0.970370352268219, "loss": 0.12895217537879944}, "svhn": {"accuracy": 0.9293561577796936, "loss": 0.3009042739868164}, "gtsrb": {"accuracy": 0.9794141054153442, "loss": 0.09598695486783981}, "mnist": {"accuracy": 0.9919999837875366, "loss": 0.038916416466236115}, "dtd": {"accuracy": 0.7579787373542786, "loss": 1.5133031606674194}, "average": {"accuracy": 0.87684765458107, "loss": 0.5543812140822411}}