{"model_info": {"trainable_params": 87456000, "all_params": 87456000, "trainable_percentage": 1.0}, "sun397": {"accuracy": 0.6781359910964966, "loss": 1.139211893081665}, "stanford-cars": {"accuracy": 0.689217746257782, "loss": 0.9812261462211609}, "resisc45": {"accuracy": 0.827301561832428, "loss": 0.5913570523262024}, "eurosat": {"accuracy": 0.9433333277702332, "loss": 0.17458969354629517}, "svhn": {"accuracy": 0.9056161642074585, "loss": 0.3313310146331787}, "gtsrb": {"accuracy": 0.7892320156097412, "loss": 0.7036758065223694}, "mnist": {"accuracy": 0.9779999852180481, "loss": 0.08582603186368942}, "dtd": {"accuracy": 0.6425532102584839, "loss": 1.3667411804199219}, "average": {"accuracy": 0.8066737502813339, "loss": 0.6717448523268104}}