{"model_info": {"trainable_params": 87456000, "all_params": 87456000, "trainable_percentage": 1.0}, "sun397": {"accuracy": 0.6544080376625061, "loss": 1.200614094734192}, "stanford-cars": {"accuracy": 0.6244248151779175, "loss": 1.1322349309921265}, "resisc45": {"accuracy": 0.7063491940498352, "loss": 0.969744086265564}, "eurosat": {"accuracy": 0.7574074268341064, "loss": 0.6600999236106873}, "svhn": {"accuracy": 0.645090639591217, "loss": 1.1287685632705688}, "gtsrb": {"accuracy": 0.5496436953544617, "loss": 1.4922921657562256}, "mnist": {"accuracy": 0.8628000020980835, "loss": 0.5934015512466431}, "dtd": {"accuracy": 0.5058510899543762, "loss": 1.797025442123413}, "average": {"accuracy": 0.663246862590313, "loss": 1.1217725947499275}}