{"model_info": {"trainable_params": 87456000, "all_params": 87456000, "trainable_percentage": 1.0}, "sun397": {"accuracy": 0.570125937461853, "loss": 1.705480694770813}, "stanford-cars": {"accuracy": 0.5570202469825745, "loss": 1.4883325099945068}, "resisc45": {"accuracy": 0.6474603414535522, "loss": 1.374792218208313}, "eurosat": {"accuracy": 0.732962965965271, "loss": 0.754061758518219}, "svhn": {"accuracy": 0.7793484926223755, "loss": 0.705061674118042}, "gtsrb": {"accuracy": 0.684956431388855, "loss": 1.234912395477295}, "mnist": {"accuracy": 0.9606999754905701, "loss": 0.15702678263187408}, "dtd": {"accuracy": 0.47127658128738403, "loss": 2.1479687690734863}, "average": {"accuracy": 0.6754813715815544, "loss": 1.1959546003490686}}