{"model_info": {"trainable_params": 87456000, "all_params": 87456000, "trainable_percentage": 1.0}, "sun397": {"accuracy": 0.6700755953788757, "loss": 1.1868205070495605}, "stanford-cars": {"accuracy": 0.6415868401527405, "loss": 1.1022533178329468}, "resisc45": {"accuracy": 0.7430158853530884, "loss": 0.9030974507331848}, "eurosat": {"accuracy": 0.7451851963996887, "loss": 0.6766812801361084}, "svhn": {"accuracy": 0.7773509621620178, "loss": 0.7102137804031372}, "gtsrb": {"accuracy": 0.6938242316246033, "loss": 1.1040043830871582}, "mnist": {"accuracy": 0.9412000179290771, "loss": 0.23440688848495483}, "dtd": {"accuracy": 0.539893627166748, "loss": 1.752846598625183}, "average": {"accuracy": 0.719016544520855, "loss": 0.9587905257940292}}