{"model_info": {"trainable_params": 7160928, "all_params": 547970400, "trainable_percentage": 0.013068092729096316}, "sun397": {"accuracy": 0.7453400492668152, "loss": 0.9814378023147583}, "stanford-cars": {"accuracy": 0.7703021764755249, "loss": 0.7911523580551147}, "resisc45": {"accuracy": 0.9357143044471741, "loss": 0.2557840347290039}, "eurosat": {"accuracy": 0.9685184955596924, "loss": 0.13974632322788239}, "svhn": {"accuracy": 0.9686155319213867, "loss": 0.13542324304580688}, "gtsrb": {"accuracy": 0.9881235361099243, "loss": 0.048045650124549866}, "mnist": {"accuracy": 0.9959999918937683, "loss": 0.019573835656046867}, "dtd": {"accuracy": 0.7670212984085083, "loss": 1.262376070022583}, "average": {"accuracy": 0.8924544230103493, "loss": 0.45419241464696825}}