{"model_info": {"trainable_params": 87456000, "all_params": 87456000, "trainable_percentage": 1.0}, "sun397": {"accuracy": 0.6457430720329285, "loss": 1.2145572900772095}, "stanford-cars": {"accuracy": 0.6377316117286682, "loss": 1.0990458726882935}, "resisc45": {"accuracy": 0.6560317277908325, "loss": 1.1519742012023926}, "eurosat": {"accuracy": 0.5833333134651184, "loss": 1.208167552947998}, "svhn": {"accuracy": 0.5248540043830872, "loss": 1.485887885093689}, "gtsrb": {"accuracy": 0.4301662743091583, "loss": 1.9086071252822876}, "mnist": {"accuracy": 0.7034000158309937, "loss": 1.181291937828064}, "dtd": {"accuracy": 0.4691489338874817, "loss": 1.917486548423767}, "oxford_flowers102": {"accuracy": 0.6957228779792786, "loss": 1.3607620000839233}, "pcam": {"accuracy": 0.620513916015625, "loss": 0.6944230794906616}, "fer2013": {"accuracy": 0.492755651473999, "loss": 1.3668915033340454}, "oxford-iiit-pet": {"accuracy": 0.8593622446060181, "loss": 0.4424785077571869}, "stl10": {"accuracy": 0.9672499895095825, "loss": 0.10923049598932266}, "cifar100": {"accuracy": 0.7145000100135803, "loss": 1.0706733465194702}, "cifar10": {"accuracy": 0.9330999851226807, "loss": 0.2108587622642517}, "food101": {"accuracy": 0.8095049262046814, "loss": 0.7660735845565796}, "fashion_mnist": {"accuracy": 0.715399980545044, "loss": 0.8823210597038269}, "emnist_letters": {"accuracy": 0.16302885115146637, "loss": 3.8047306537628174}, "kmnist": {"accuracy": 0.1273999959230423, "loss": 2.2959790229797363}, "rendered-sst2": {"accuracy": 0.6749038696289062, "loss": 0.5978246927261353}, "average": {"accuracy": 0.6211925625801087, "loss": 1.2384632561355828}}