{"model_info": {"trainable_params": 0, "all_params": 87456000, "trainable_percentage": 0.0}, "sun397": {"accuracy": 0.6610579490661621, "loss": 1.2859020233154297}, "stanford-cars": {"accuracy": 0.6691953539848328, "loss": 1.037603497505188}, "resisc45": {"accuracy": 0.7984126806259155, "loss": 0.7515168190002441}, "eurosat": {"accuracy": 0.9207407236099243, "loss": 0.27111369371414185}, "svhn": {"accuracy": 0.798248291015625, "loss": 0.6969593167304993}, "gtsrb": {"accuracy": 0.8725257515907288, "loss": 0.4384898543357849}, "mnist": {"accuracy": 0.9111999869346619, "loss": 0.3236643970012665}, "dtd": {"accuracy": 0.596276581287384, "loss": 1.6596425771713257}, "oxford_flowers102": {"accuracy": 0.7253211736679077, "loss": 1.419554591178894}, "pcam": {"accuracy": 0.5323486328125, "loss": 1.7195671796798706}, "fer2013": {"accuracy": 0.6543605327606201, "loss": 1.1488960981369019}, "oxford-iiit-pet": {"accuracy": 0.852003276348114, "loss": 0.486742228269577}, "stl10": {"accuracy": 0.9646250009536743, "loss": 0.13522951304912567}, "cifar100": {"accuracy": 0.6933000087738037, "loss": 1.3375205993652344}, "cifar10": {"accuracy": 0.9103000164031982, "loss": 0.35193929076194763}, "food101": {"accuracy": 0.7953663468360901, "loss": 0.9089125990867615}, "fashion_mnist": {"accuracy": 0.6985999941825867, "loss": 1.1921517848968506}, "emnist_letters": {"accuracy": 0.15841345489025116, "loss": 6.616073131561279}, "kmnist": {"accuracy": 0.10000000149011612, "loss": 6.79148006439209}, "rendered-sst2": {"accuracy": 0.5063152313232422, "loss": 1.1272549629211426}, "average": {"accuracy": 0.6909305494278669, "loss": 1.4850107111036777}}