{"model_info": {"trainable_params": 0, "all_params": 87456000, "trainable_percentage": 0.0}, "sun397": {"accuracy": 0.6661964654922485, "loss": 1.252516269683838}, "stanford-cars": {"accuracy": 0.6725531816482544, "loss": 1.0324207544326782}, "resisc45": {"accuracy": 0.8190476298332214, "loss": 0.6668741703033447}, "eurosat": {"accuracy": 0.9196296334266663, "loss": 0.2760128676891327}, "svhn": {"accuracy": 0.8053549528121948, "loss": 0.6633180975914001}, "gtsrb": {"accuracy": 0.8760886788368225, "loss": 0.42057183384895325}, "mnist": {"accuracy": 0.925599992275238, "loss": 0.27128866314888}, "dtd": {"accuracy": 0.6063829660415649, "loss": 1.5991199016571045}, "oxford_flowers102": {"accuracy": 0.7298747897148132, "loss": 1.3778700828552246}, "pcam": {"accuracy": 0.523590087890625, "loss": 1.8958419561386108}, "fer2013": {"accuracy": 0.6496238708496094, "loss": 1.1692713499069214}, "oxford-iiit-pet": {"accuracy": 0.8585445880889893, "loss": 0.4598599076271057}, "stl10": {"accuracy": 0.9679999947547913, "loss": 0.12129925191402435}, "cifar100": {"accuracy": 0.6965000033378601, "loss": 1.321993350982666}, "cifar10": {"accuracy": 0.909600019454956, "loss": 0.3487047851085663}, "food101": {"accuracy": 0.7931880950927734, "loss": 0.9136136770248413}, "fashion_mnist": {"accuracy": 0.7071999907493591, "loss": 1.1772394180297852}, "emnist_letters": {"accuracy": 0.1552884578704834, "loss": 6.752614974975586}, "kmnist": {"accuracy": 0.10000000149011612, "loss": 6.878844261169434}, "rendered-sst2": {"accuracy": 0.5002745985984802, "loss": 1.3220787048339844}, "average": {"accuracy": 0.6941268999129534, "loss": 1.496067713946104}}