{"model_info": {"trainable_params": 11811840, "all_params": 218154240, "trainable_percentage": 0.05414444385770362}, "sun397": {"accuracy": 0.7240806221961975, "loss": 1.0808299779891968}, "stanford-cars": {"accuracy": 0.7470464110374451, "loss": 0.9753115177154541}, "resisc45": {"accuracy": 0.9238095283508301, "loss": 0.3568803369998932}, "eurosat": {"accuracy": 0.9711111187934875, "loss": 0.1472613364458084}, "svhn": {"accuracy": 0.9063460230827332, "loss": 0.504382848739624}, "gtsrb": {"accuracy": 0.9726049304008484, "loss": 0.11715985089540482}, "mnist": {"accuracy": 0.9878000020980835, "loss": 0.05522124469280243}, "dtd": {"accuracy": 0.7542552947998047, "loss": 1.7418148517608643}, "oxford_flowers102": {"accuracy": 0.7820783853530884, "loss": 1.6736652851104736}, "pcam": {"accuracy": 0.500213623046875, "loss": 5.440673828125}, "fer2013": {"accuracy": 0.372945100069046, "loss": 10.729109764099121}, "oxford-iiit-pet": {"accuracy": 0.9182338714599609, "loss": 0.4488365650177002}, "stl10": {"accuracy": 0.971875011920929, "loss": 0.1342412531375885}, "cifar100": {"accuracy": 0.79830002784729, "loss": 0.9821853637695312}, "cifar10": {"accuracy": 0.960099995136261, "loss": 0.19460420310497284}, "food101": {"accuracy": 0.8467722535133362, "loss": 0.7279907464981079}, "fashion_mnist": {"accuracy": 0.7552000284194946, "loss": 3.0261356830596924}, "emnist_letters": {"accuracy": 0.08850961178541183, "loss": 10.668221473693848}, "kmnist": {"accuracy": 0.10000000149011612, "loss": 13.152040481567383}, "rendered-sst2": {"accuracy": 0.4991762638092041, "loss": 4.669958114624023}, "average": {"accuracy": 0.7290229052305222, "loss": 2.8413262363523244}}