{"model_info": {"trainable_params": 87456000, "all_params": 87456000, "trainable_percentage": 1.0}, "sun397": {"accuracy": 0.6555163860321045, "loss": 1.2082891464233398}, "stanford-cars": {"accuracy": 0.6238030195236206, "loss": 1.1799092292785645}, "resisc45": {"accuracy": 0.7411110997200012, "loss": 0.8896259069442749}, "eurosat": {"accuracy": 0.8551852107048035, "loss": 0.42238759994506836}, "svhn": {"accuracy": 0.7060924768447876, "loss": 0.9173091650009155}, "gtsrb": {"accuracy": 0.5932700037956238, "loss": 1.3292295932769775}, "mnist": {"accuracy": 0.8855999708175659, "loss": 0.4335293769836426}, "dtd": {"accuracy": 0.5393617153167725, "loss": 1.649168610572815}, "oxford_flowers102": {"accuracy": 0.7006016969680786, "loss": 1.3740788698196411}, "pcam": {"accuracy": 0.81793212890625, "loss": 0.40884122252464294}, "fer2013": {"accuracy": 0.5997492074966431, "loss": 1.1525797843933105}, "oxford-iiit-pet": {"accuracy": 0.8659034967422485, "loss": 0.41658782958984375}, "stl10": {"accuracy": 0.9663749933242798, "loss": 0.1088394746184349}, "cifar100": {"accuracy": 0.7105000019073486, "loss": 1.0827925205230713}, "cifar10": {"accuracy": 0.9404000043869019, "loss": 0.19390888512134552}, "food101": {"accuracy": 0.8179405927658081, "loss": 0.75131756067276}, "fashion_mnist": {"accuracy": 0.7864000201225281, "loss": 0.6850488781929016}, "emnist_letters": {"accuracy": 0.2043749988079071, "loss": 4.483919143676758}, "kmnist": {"accuracy": 0.3237000107765198, "loss": 2.090655565261841}, "rendered-sst2": {"accuracy": 0.6710598468780518, "loss": 0.6267709732055664}, "average": {"accuracy": 0.7002438440918922, "loss": 1.0702394668012858}}