{"model_info": {"trainable_params": 87456000, "all_params": 87456000, "trainable_percentage": 1.0}, "sun397": {"accuracy": 0.6422669887542725, "loss": 1.2382349967956543}, "stanford-cars": {"accuracy": 0.596443235874176, "loss": 1.2375168800354004}, "resisc45": {"accuracy": 0.6476190686225891, "loss": 1.1652021408081055}, "eurosat": {"accuracy": 0.6085185408592224, "loss": 1.1469700336456299}, "svhn": {"accuracy": 0.47322526574134827, "loss": 1.604169249534607}, "gtsrb": {"accuracy": 0.4306413233280182, "loss": 1.9000438451766968}, "mnist": {"accuracy": 0.7177000045776367, "loss": 1.1500378847122192}, "dtd": {"accuracy": 0.46382978558540344, "loss": 1.933261752128601}, "oxford_flowers102": {"accuracy": 0.6646609306335449, "loss": 1.494287133216858}, "pcam": {"accuracy": 0.639312744140625, "loss": 0.6481079459190369}, "fer2013": {"accuracy": 0.5015324354171753, "loss": 1.353814721107483}, "oxford-iiit-pet": {"accuracy": 0.840828537940979, "loss": 0.521216869354248}, "stl10": {"accuracy": 0.9698749780654907, "loss": 0.10030324012041092}, "cifar100": {"accuracy": 0.6980999708175659, "loss": 1.1438223123550415}, "cifar10": {"accuracy": 0.9266999959945679, "loss": 0.2321934998035431}, "food101": {"accuracy": 0.803801953792572, "loss": 0.7805418372154236}, "fashion_mnist": {"accuracy": 0.7132999897003174, "loss": 0.8983423709869385}, "emnist_letters": {"accuracy": 0.14971153438091278, "loss": 4.029896259307861}, "kmnist": {"accuracy": 0.1145000010728836, "loss": 2.340059995651245}, "rendered-sst2": {"accuracy": 0.6183415651321411, "loss": 0.652364194393158}, "average": {"accuracy": 0.6110454425215721, "loss": 1.278519358113408}}