{"model_info": {"trainable_params": 87456000, "all_params": 87456000, "trainable_percentage": 1.0}, "sun397": {"accuracy": 0.636171281337738, "loss": 1.2802159786224365}, "stanford-cars": {"accuracy": 0.5748041272163391, "loss": 1.3390218019485474}, "resisc45": {"accuracy": 0.6414285898208618, "loss": 1.2311385869979858}, "eurosat": {"accuracy": 0.602222204208374, "loss": 1.1336297988891602}, "svhn": {"accuracy": 0.4880915880203247, "loss": 1.5238373279571533}, "gtsrb": {"accuracy": 0.46912112832069397, "loss": 1.8343818187713623}, "mnist": {"accuracy": 0.7633000016212463, "loss": 0.9285066723823547}, "dtd": {"accuracy": 0.4659574329853058, "loss": 1.9636436700820923}, "oxford_flowers102": {"accuracy": 0.6462839245796204, "loss": 1.6244920492172241}, "pcam": {"accuracy": 0.6864013671875, "loss": 0.5979166626930237}, "fer2013": {"accuracy": 0.5098913311958313, "loss": 1.3119382858276367}, "oxford-iiit-pet": {"accuracy": 0.8326519727706909, "loss": 0.5431349277496338}, "stl10": {"accuracy": 0.9612500071525574, "loss": 0.12221156805753708}, "cifar100": {"accuracy": 0.679099977016449, "loss": 1.2671536207199097}, "cifar10": {"accuracy": 0.9247999787330627, "loss": 0.24334630370140076}, "food101": {"accuracy": 0.7720792293548584, "loss": 0.9306661486625671}, "fashion_mnist": {"accuracy": 0.7297999858856201, "loss": 0.8879464268684387}, "emnist_letters": {"accuracy": 0.16932691633701324, "loss": 4.501676559448242}, "kmnist": {"accuracy": 0.1136000007390976, "loss": 2.3317131996154785}, "rendered-sst2": {"accuracy": 0.6106534600257874, "loss": 0.6588751077651978}, "average": {"accuracy": 0.6138467252254486, "loss": 1.312772325798869}}