{"model_info": {"trainable_params": 87456000, "all_params": 87456000, "trainable_percentage": 1.0}, "sun397": {"accuracy": 0.5096221566200256, "loss": 2.031789779663086}, "stanford-cars": {"accuracy": 0.3617709279060364, "loss": 2.745734691619873}, "resisc45": {"accuracy": 0.47825396060943604, "loss": 2.1703848838806152}, "eurosat": {"accuracy": 0.4511111080646515, "loss": 1.7065826654434204}, "svhn": {"accuracy": 0.5815150737762451, "loss": 1.2668300867080688}, "gtsrb": {"accuracy": 0.5768012404441833, "loss": 1.6867303848266602}, "mnist": {"accuracy": 0.9211999773979187, "loss": 0.3399489223957062}, "dtd": {"accuracy": 0.4063829779624939, "loss": 2.5588409900665283}, "oxford_flowers102": {"accuracy": 0.4475524425506592, "loss": 2.983100414276123}, "pcam": {"accuracy": 0.669219970703125, "loss": 0.6299712657928467}, "fer2013": {"accuracy": 0.4726943373680115, "loss": 1.5521395206451416}, "oxford-iiit-pet": {"accuracy": 0.7312619090080261, "loss": 0.9946000576019287}, "stl10": {"accuracy": 0.8989999890327454, "loss": 0.3644936978816986}, "cifar100": {"accuracy": 0.5126000046730042, "loss": 2.3877999782562256}, "cifar10": {"accuracy": 0.8626000285148621, "loss": 0.47812366485595703}, "food101": {"accuracy": 0.5008713006973267, "loss": 2.3631772994995117}, "fashion_mnist": {"accuracy": 0.7649999856948853, "loss": 0.7615723013877869}, "emnist_letters": {"accuracy": 0.20990385115146637, "loss": 4.156633377075195}, "kmnist": {"accuracy": 0.19660000503063202, "loss": 2.292370319366455}, "rendered-sst2": {"accuracy": 0.5590335130691528, "loss": 0.8044960498809814}, "average": {"accuracy": 0.5556497380137444, "loss": 1.7137660175561904}}