{"model_info": {"trainable_params": 7271664, "all_params": 1228111344, "trainable_percentage": 0.005921013624315158}, "sun397": {"accuracy": 0.7441813349723816, "loss": 0.9939329624176025}, "stanford-cars": {"accuracy": 0.7736600041389465, "loss": 0.7676997184753418}, "resisc45": {"accuracy": 0.934920608997345, "loss": 0.26316556334495544}, "eurosat": {"accuracy": 0.9744444489479065, "loss": 0.09358584135770798}, "svhn": {"accuracy": 0.960433304309845, "loss": 0.1649310141801834}, "gtsrb": {"accuracy": 0.9832145571708679, "loss": 0.0693833976984024}, "mnist": {"accuracy": 0.9940999746322632, "loss": 0.02695840783417225}, "dtd": {"accuracy": 0.7797872424125671, "loss": 1.198357343673706}, "oxford_flowers102": {"accuracy": 0.8861603736877441, "loss": 0.4840048849582672}, "pcam": {"accuracy": 0.500213623046875, "loss": 5.6899638175964355}, "fer2013": {"accuracy": 0.17372527718544006, "loss": 11.632487297058105}, "oxford-iiit-pet": {"accuracy": 0.9201417565345764, "loss": 0.3766784071922302}, "stl10": {"accuracy": 0.9743750095367432, "loss": 0.12160785496234894}, "cifar100": {"accuracy": 0.847100019454956, "loss": 0.6412795186042786}, "cifar10": {"accuracy": 0.9611999988555908, "loss": 0.1798103004693985}, "food101": {"accuracy": 0.8822970390319824, "loss": 0.504332959651947}, "fashion_mnist": {"accuracy": 0.9276000261306763, "loss": 0.39310240745544434}, "emnist_letters": {"accuracy": 0.038990385830402374, "loss": 14.850712776184082}, "kmnist": {"accuracy": 0.10000000149011612, "loss": 11.544543266296387}, "rendered-sst2": {"accuracy": 0.4991762638092041, "loss": 4.316464424133301}, "average": {"accuracy": 0.7427860625088215, "loss": 2.715650108177215}}