{"model_info": {"trainable_params": 303179776, "all_params": 303179776, "trainable_percentage": 1.0}, "sun397": {"accuracy": 0.7200000286102295, "loss": 0.9806680083274841}, "stanford-cars": {"accuracy": 0.7890809774398804, "loss": 0.6218370795249939}, "resisc45": {"accuracy": 0.8057143092155457, "loss": 0.6242515444755554}, "eurosat": {"accuracy": 0.8459259271621704, "loss": 0.49978694319725037}, "svhn": {"accuracy": 0.8760756254196167, "loss": 0.430381178855896}, "gtsrb": {"accuracy": 0.8355502486228943, "loss": 0.6598084568977356}, "mnist": {"accuracy": 0.98089998960495, "loss": 0.08426609635353088}, "dtd": {"accuracy": 0.5872340202331543, "loss": 1.5112513303756714}, "average": {"accuracy": 0.8050601407885551, "loss": 0.6765313297510147}}