{"model_info": {"trainable_params": 303179776, "all_params": 303179776, "trainable_percentage": 1.0}, "sun397": {"accuracy": 0.6979345083236694, "loss": 1.025107502937317}, "stanford-cars": {"accuracy": 0.7786344885826111, "loss": 0.6300340890884399}, "resisc45": {"accuracy": 0.6984127163887024, "loss": 1.0187063217163086}, "eurosat": {"accuracy": 0.9900000095367432, "loss": 0.034654852002859116}, "svhn": {"accuracy": 0.6228488087654114, "loss": 1.0817060470581055}, "gtsrb": {"accuracy": 0.5828978419303894, "loss": 1.5062322616577148}, "mnist": {"accuracy": 0.8475000262260437, "loss": 0.601945698261261}, "dtd": {"accuracy": 0.5707446932792664, "loss": 1.535300850868225}, "average": {"accuracy": 0.7236216366291046, "loss": 0.9292109529487789}}