{"model_info": {"trainable_params": 0, "all_params": 303179776, "trainable_percentage": 0.0}, "sun397": {"accuracy": 0.7808060646057129, "loss": 0.8778461813926697}, "stanford-cars": {"accuracy": 0.9075985550880432, "loss": 0.30222341418266296}, "resisc45": {"accuracy": 0.9090476036071777, "loss": 0.35884764790534973}, "eurosat": {"accuracy": 0.9622222185134888, "loss": 0.144562229514122}, "svhn": {"accuracy": 0.9492931962013245, "loss": 0.24498094618320465}, "gtsrb": {"accuracy": 0.974901020526886, "loss": 0.09643774479627609}, "mnist": {"accuracy": 0.9854999780654907, "loss": 0.070107601583004}, "dtd": {"accuracy": 0.8154255151748657, "loss": 0.8314788341522217}, "average": {"accuracy": 0.9105992689728737, "loss": 0.36581057496368885}}