{"model_info": {"trainable_params": 50380800, "all_params": 857860096, "trainable_percentage": 0.058728457279822004}, "sun397": {"accuracy": 0.7954660058021545, "loss": 1.09499990940094}, "stanford-cars": {"accuracy": 0.9258798360824585, "loss": 0.37199288606643677}, "resisc45": {"accuracy": 0.9561904668807983, "loss": 0.29105672240257263}, "eurosat": {"accuracy": 0.9788888692855835, "loss": 0.15615080296993256}, "svhn": {"accuracy": 0.9748386740684509, "loss": 0.19887959957122803}, "gtsrb": {"accuracy": 0.9921615123748779, "loss": 0.05696127936244011}, "mnist": {"accuracy": 0.9944000244140625, "loss": 0.036238059401512146}, "dtd": {"accuracy": 0.8356382846832275, "loss": 1.4676424264907837}, "average": {"accuracy": 0.9316829591989517, "loss": 0.45924021070823073}}