{"model_info": {"trainable_params": 25190400, "all_params": 581011456, "trainable_percentage": 0.0433561158560013}, "sun397": {"accuracy": 0.7989420890808105, "loss": 0.8706222772598267}, "stanford-cars": {"accuracy": 0.9150603413581848, "loss": 0.3218291997909546}, "resisc45": {"accuracy": 0.9484127163887024, "loss": 0.22251839935779572}, "eurosat": {"accuracy": 0.9748148322105408, "loss": 0.12774044275283813}, "svhn": {"accuracy": 0.9717271327972412, "loss": 0.17188815772533417}, "gtsrb": {"accuracy": 0.9908155202865601, "loss": 0.04400278255343437}, "mnist": {"accuracy": 0.9922999739646912, "loss": 0.04000847786664963}, "dtd": {"accuracy": 0.8335106372833252, "loss": 1.0216201543807983}, "average": {"accuracy": 0.928197905421257, "loss": 0.35252873646095395}}