{"model_info": {"trainable_params": 12595200, "all_params": 442587136, "trainable_percentage": 0.02845812491034534}, "sun397": {"accuracy": 0.7997481226921082, "loss": 0.9128132462501526}, "stanford-cars": {"accuracy": 0.9174231886863708, "loss": 0.34592047333717346}, "resisc45": {"accuracy": 0.9525396823883057, "loss": 0.24227792024612427}, "eurosat": {"accuracy": 0.9729629755020142, "loss": 0.16611260175704956}, "svhn": {"accuracy": 0.9683850407600403, "loss": 0.20756885409355164}, "gtsrb": {"accuracy": 0.99105304479599, "loss": 0.051863692700862885}, "mnist": {"accuracy": 0.9909999966621399, "loss": 0.05821595713496208}, "dtd": {"accuracy": 0.8409574627876282, "loss": 1.218277096748352}, "average": {"accuracy": 0.9292586892843246, "loss": 0.40038123028352857}}