{"model_info": {"trainable_params": 3148800, "all_params": 338768896, "trainable_percentage": 0.009294832073367208}, "sun397": {"accuracy": 0.7848866581916809, "loss": 0.908300518989563}, "stanford-cars": {"accuracy": 0.8932968378067017, "loss": 0.3837105929851532}, "resisc45": {"accuracy": 0.9415873289108276, "loss": 0.24039597809314728}, "eurosat": {"accuracy": 0.9740740656852722, "loss": 0.12193148583173752}, "svhn": {"accuracy": 0.968039333820343, "loss": 0.19174759089946747}, "gtsrb": {"accuracy": 0.9820269346237183, "loss": 0.09355785697698593}, "mnist": {"accuracy": 0.9908000230789185, "loss": 0.04383820667862892}, "dtd": {"accuracy": 0.8207446932792664, "loss": 0.9434889554977417}, "average": {"accuracy": 0.9194319844245911, "loss": 0.3658713982440531}}