{"model_info": {"trainable_params": 50380800, "all_params": 857860096, "trainable_percentage": 0.058728457279822004}, "sun397": {"accuracy": 0.801863968372345, "loss": 0.8837594389915466}, "stanford-cars": {"accuracy": 0.9200348258018494, "loss": 0.3264702558517456}, "resisc45": {"accuracy": 0.9582539796829224, "loss": 0.19452862441539764}, "eurosat": {"accuracy": 0.9722222089767456, "loss": 0.1385520100593567}, "svhn": {"accuracy": 0.9686923623085022, "loss": 0.2001529186964035}, "gtsrb": {"accuracy": 0.9922406673431396, "loss": 0.04250998795032501}, "mnist": {"accuracy": 0.9929999709129333, "loss": 0.03848850727081299}, "dtd": {"accuracy": 0.8335106372833252, "loss": 1.118011474609375}, "average": {"accuracy": 0.9299773275852203, "loss": 0.3678091522306204}}