{"model_info": {"trainable_params": 25190400, "all_params": 581011456, "trainable_percentage": 0.0433561158560013}, "sun397": {"accuracy": 0.8001511096954346, "loss": 1.0188950300216675}, "stanford-cars": {"accuracy": 0.9237657189369202, "loss": 0.3634580075740814}, "resisc45": {"accuracy": 0.9590476155281067, "loss": 0.21229201555252075}, "eurosat": {"accuracy": 0.9851852059364319, "loss": 0.10400459915399551}, "svhn": {"accuracy": 0.9689228534698486, "loss": 0.2164444774389267}, "gtsrb": {"accuracy": 0.9931908249855042, "loss": 0.05107951536774635}, "mnist": {"accuracy": 0.9941999912261963, "loss": 0.034035298973321915}, "dtd": {"accuracy": 0.8409574627876282, "loss": 1.3846174478530884}, "average": {"accuracy": 0.9331775978207588, "loss": 0.42310329899191856}}