{"model_info": {"trainable_params": 6297600, "all_params": 373374976, "trainable_percentage": 0.016866690069770502}, "sun397": {"accuracy": 0.802518904209137, "loss": 0.9212040901184082}, "stanford-cars": {"accuracy": 0.912697434425354, "loss": 0.35984453558921814}, "resisc45": {"accuracy": 0.945555567741394, "loss": 0.3280172646045685}, "eurosat": {"accuracy": 0.9788888692855835, "loss": 0.13776981830596924}, "svhn": {"accuracy": 0.06833896785974503, "loss": 12.90955638885498}, "gtsrb": {"accuracy": 0.9911321997642517, "loss": 0.05985255539417267}, "mnist": {"accuracy": 0.9919000267982483, "loss": 0.05552944913506508}, "dtd": {"accuracy": 0.8361701965332031, "loss": 1.404435634613037}, "average": {"accuracy": 0.8159002708271146, "loss": 2.0220262170769274}}