{"model_info": {"trainable_params": 25190400, "all_params": 581011456, "trainable_percentage": 0.0433561158560013}, "sun397": {"accuracy": 0.8006548881530762, "loss": 0.9499975442886353}, "stanford-cars": {"accuracy": 0.9216515421867371, "loss": 0.35143324732780457}, "resisc45": {"accuracy": 0.9563491940498352, "loss": 0.2313416451215744}, "eurosat": {"accuracy": 0.979629635810852, "loss": 0.13064426183700562}, "svhn": {"accuracy": 0.9694990515708923, "loss": 0.21041013300418854}, "gtsrb": {"accuracy": 0.9928740859031677, "loss": 0.04926150292158127}, "mnist": {"accuracy": 0.9907000064849854, "loss": 0.0586145855486393}, "dtd": {"accuracy": 0.846276581287384, "loss": 1.2374167442321777}, "average": {"accuracy": 0.9322043731808662, "loss": 0.40238995803520083}}