{"model_info": {"trainable_params": 100761600, "all_params": 1411557376, "trainable_percentage": 0.07138328325380094}, "sun397": {"accuracy": 0.797783374786377, "loss": 1.166677713394165}, "stanford-cars": {"accuracy": 0.9252580404281616, "loss": 0.4075692594051361}, "resisc45": {"accuracy": 0.9371428489685059, "loss": 0.4718889892101288}, "eurosat": {"accuracy": 0.1196296289563179, "loss": 17.400428771972656}, "svhn": {"accuracy": 0.9453749060630798, "loss": 0.4746069014072418}, "gtsrb": {"accuracy": 0.991923987865448, "loss": 0.060869794338941574}, "mnist": {"accuracy": 0.9926999807357788, "loss": 0.05955596640706062}, "dtd": {"accuracy": 0.846276581287384, "loss": 1.6405597925186157}, "average": {"accuracy": 0.8195111686363816, "loss": 2.7102696485817432}}