{"model_info": {"trainable_params": 100761600, "all_params": 1411557376, "trainable_percentage": 0.07138328325380094}, "sun397": {"accuracy": 0.8010075688362122, "loss": 0.9122735261917114}, "stanford-cars": {"accuracy": 0.927123486995697, "loss": 0.30324870347976685}, "resisc45": {"accuracy": 0.9582539796829224, "loss": 0.18839828670024872}, "eurosat": {"accuracy": 0.9814814925193787, "loss": 0.08816361427307129}, "svhn": {"accuracy": 0.9712661504745483, "loss": 0.1894414722919464}, "gtsrb": {"accuracy": 0.9907363653182983, "loss": 0.05018530413508415}, "mnist": {"accuracy": 0.991599977016449, "loss": 0.04670991748571396}, "dtd": {"accuracy": 0.8436170220375061, "loss": 1.1341184377670288}, "average": {"accuracy": 0.9331357553601265, "loss": 0.36406740779057145}}