{"model_info": {"trainable_params": 12595200, "all_params": 442587136, "trainable_percentage": 0.02845812491034534}, "sun397": {"accuracy": 0.7964231967926025, "loss": 0.9869827032089233}, "stanford-cars": {"accuracy": 0.9206566214561462, "loss": 0.35994747281074524}, "resisc45": {"accuracy": 0.9579365253448486, "loss": 0.22584041953086853}, "eurosat": {"accuracy": 0.9844444394111633, "loss": 0.09423904865980148}, "svhn": {"accuracy": 0.9613552689552307, "loss": 0.27206656336784363}, "gtsrb": {"accuracy": 0.9931116104125977, "loss": 0.0503120943903923}, "mnist": {"accuracy": 0.9923999905586243, "loss": 0.045739054679870605}, "dtd": {"accuracy": 0.8382978439331055, "loss": 1.3925156593322754}, "average": {"accuracy": 0.9305781871080399, "loss": 0.42845537699759007}}