{"model_info": {"trainable_params": 50380800, "all_params": 857860096, "trainable_percentage": 0.058728457279822004}, "sun397": {"accuracy": 0.8021158576011658, "loss": 1.0672426223754883}, "stanford-cars": {"accuracy": 0.9258798360824585, "loss": 0.3978627920150757}, "resisc45": {"accuracy": 0.9550793766975403, "loss": 0.29051750898361206}, "eurosat": {"accuracy": 0.9837037324905396, "loss": 0.11459001898765564}, "svhn": {"accuracy": 0.9650814533233643, "loss": 0.32180655002593994}, "gtsrb": {"accuracy": 0.9937450289726257, "loss": 0.04319843649864197}, "mnist": {"accuracy": 0.9865999817848206, "loss": 0.12017995864152908}, "dtd": {"accuracy": 0.8388298153877258, "loss": 1.690352201461792}, "average": {"accuracy": 0.9313793852925301, "loss": 0.5057187611237168}}