{"model_info": {"trainable_params": 100761600, "all_params": 1411557376, "trainable_percentage": 0.07138328325380094}, "sun397": {"accuracy": 0.7992443442344666, "loss": 1.0978833436965942}, "stanford-cars": {"accuracy": 0.9291132688522339, "loss": 0.3712126910686493}, "resisc45": {"accuracy": 0.9584127068519592, "loss": 0.2611960470676422}, "eurosat": {"accuracy": 0.9770370125770569, "loss": 0.1794937700033188}, "svhn": {"accuracy": 0.970574676990509, "loss": 0.23144397139549255}, "gtsrb": {"accuracy": 0.9935867190361023, "loss": 0.03858247771859169}, "mnist": {"accuracy": 0.9934999942779541, "loss": 0.04071851074695587}, "dtd": {"accuracy": 0.8441489338874817, "loss": 1.4677774906158447}, "average": {"accuracy": 0.9332022070884705, "loss": 0.46103853778913617}}