{"model_info": {"trainable_params": 50380800, "all_params": 857860096, "trainable_percentage": 0.058728457279822004}, "sun397": {"accuracy": 0.8017128705978394, "loss": 1.00212824344635}, "stanford-cars": {"accuracy": 0.9190399050712585, "loss": 0.38395267724990845}, "resisc45": {"accuracy": 0.9611111283302307, "loss": 0.2023048847913742}, "eurosat": {"accuracy": 0.9788888692855835, "loss": 0.15147565305233002}, "svhn": {"accuracy": 0.9639289975166321, "loss": 0.2505813539028168}, "gtsrb": {"accuracy": 0.9923990368843079, "loss": 0.04214993491768837}, "mnist": {"accuracy": 0.9951000213623047, "loss": 0.030756279826164246}, "dtd": {"accuracy": 0.8430851101875305, "loss": 1.2827249765396118}, "average": {"accuracy": 0.9319082424044609, "loss": 0.4182592504657805}}