{"model_info": {"trainable_params": 6297600, "all_params": 373374976, "trainable_percentage": 0.016866690069770502}, "sun397": {"accuracy": 0.7934005260467529, "loss": 0.9096779227256775}, "stanford-cars": {"accuracy": 0.9110807180404663, "loss": 0.33784449100494385}, "resisc45": {"accuracy": 0.9523809552192688, "loss": 0.21190302073955536}, "eurosat": {"accuracy": 0.9777777791023254, "loss": 0.1215260773897171}, "svhn": {"accuracy": 0.9726106524467468, "loss": 0.17441192269325256}, "gtsrb": {"accuracy": 0.9909738898277283, "loss": 0.053330957889556885}, "mnist": {"accuracy": 0.9939000010490417, "loss": 0.03225630894303322}, "dtd": {"accuracy": 0.832446813583374, "loss": 1.1288038492202759}, "average": {"accuracy": 0.928071416914463, "loss": 0.37121931882575154}}