{"model_info": {"trainable_params": 12595200, "all_params": 442587136, "trainable_percentage": 0.02845812491034534}, "sun397": {"accuracy": 0.7969269752502441, "loss": 0.8617964386940002}, "stanford-cars": {"accuracy": 0.9117025136947632, "loss": 0.32770848274230957}, "resisc45": {"accuracy": 0.9474602937698364, "loss": 0.24295976758003235}, "eurosat": {"accuracy": 0.9748148322105408, "loss": 0.12980642914772034}, "svhn": {"accuracy": 0.9665411710739136, "loss": 0.20435203611850739}, "gtsrb": {"accuracy": 0.9894695281982422, "loss": 0.04888598993420601}, "mnist": {"accuracy": 0.9925000071525574, "loss": 0.03744274005293846}, "dtd": {"accuracy": 0.8319149017333984, "loss": 1.013704538345337}, "average": {"accuracy": 0.926416277885437, "loss": 0.3583320528268814}}