{"model_info": {"trainable_params": 6297600, "all_params": 373374976, "trainable_percentage": 0.016866690069770502}, "sun397": {"accuracy": 0.795868992805481, "loss": 0.9250912070274353}, "stanford-cars": {"accuracy": 0.9110807180404663, "loss": 0.36183255910873413}, "resisc45": {"accuracy": 0.9450793862342834, "loss": 0.2989436984062195}, "eurosat": {"accuracy": 0.9788888692855835, "loss": 0.1317882388830185}, "svhn": {"accuracy": 0.9602412581443787, "loss": 0.2856728136539459}, "gtsrb": {"accuracy": 0.9922406673431396, "loss": 0.05507081001996994}, "mnist": {"accuracy": 0.9926000237464905, "loss": 0.04783721640706062}, "dtd": {"accuracy": 0.8361701965332031, "loss": 1.2263400554656982}, "average": {"accuracy": 0.9265212640166283, "loss": 0.41657207487151027}}