{"model_info": {"trainable_params": 100761600, "all_params": 1411557376, "trainable_percentage": 0.07138328325380094}, "sun397": {"accuracy": 0.7986901998519897, "loss": 1.046587347984314}, "stanford-cars": {"accuracy": 0.9226464629173279, "loss": 0.3769283890724182}, "resisc45": {"accuracy": 0.959841251373291, "loss": 0.2240348607301712}, "eurosat": {"accuracy": 0.9762963056564331, "loss": 0.19509892165660858}, "svhn": {"accuracy": 0.9649277925491333, "loss": 0.24571065604686737}, "gtsrb": {"accuracy": 0.9923198819160461, "loss": 0.053718339651823044}, "mnist": {"accuracy": 0.9918000102043152, "loss": 0.05130961537361145}, "dtd": {"accuracy": 0.8420212864875793, "loss": 1.3566523790359497}, "average": {"accuracy": 0.9310678988695145, "loss": 0.44375506369397044}}