{"model_info": {"trainable_params": 3148800, "all_params": 338768896, "trainable_percentage": 0.009294832073367208}, "sun397": {"accuracy": 0.795868992805481, "loss": 0.8955078125}, "stanford-cars": {"accuracy": 0.9012560844421387, "loss": 0.3985550105571747}, "resisc45": {"accuracy": 0.9507936239242554, "loss": 0.23496775329113007}, "eurosat": {"accuracy": 0.982962965965271, "loss": 0.09074655175209045}, "svhn": {"accuracy": 0.9585509896278381, "loss": 0.31100234389305115}, "gtsrb": {"accuracy": 0.9836896061897278, "loss": 0.10041181743144989}, "mnist": {"accuracy": 0.9923999905586243, "loss": 0.06070118770003319}, "dtd": {"accuracy": 0.8335106372833252, "loss": 1.2500228881835938}, "average": {"accuracy": 0.9248791113495827, "loss": 0.4177394206635654}}