{"model_info": {"trainable_params": 6297600, "all_params": 373374976, "trainable_percentage": 0.016866690069770502}, "sun397": {"accuracy": 0.7777833938598633, "loss": 0.915094792842865}, "stanford-cars": {"accuracy": 0.899266242980957, "loss": 0.3473660945892334}, "resisc45": {"accuracy": 0.9412698149681091, "loss": 0.2607361972332001}, "eurosat": {"accuracy": 0.9740740656852722, "loss": 0.1313963085412979}, "svhn": {"accuracy": 0.9626613259315491, "loss": 0.21498572826385498}, "gtsrb": {"accuracy": 0.9894695281982422, "loss": 0.05852539464831352}, "mnist": {"accuracy": 0.9915000200271606, "loss": 0.04087948054075241}, "dtd": {"accuracy": 0.8292553424835205, "loss": 0.968177080154419}, "average": {"accuracy": 0.9206599667668343, "loss": 0.36714513460174203}}