{"model_info": {"trainable_params": 12595200, "all_params": 442587136, "trainable_percentage": 0.02845812491034534}, "sun397": {"accuracy": 0.8020654916763306, "loss": 0.98851078748703}, "stanford-cars": {"accuracy": 0.9194130301475525, "loss": 0.37477752566337585}, "resisc45": {"accuracy": 0.9603174328804016, "loss": 0.23267659544944763}, "eurosat": {"accuracy": 0.9774073958396912, "loss": 0.1344977468252182}, "svhn": {"accuracy": 0.946681022644043, "loss": 0.4074273109436035}, "gtsrb": {"accuracy": 0.9859857559204102, "loss": 0.09552337229251862}, "mnist": {"accuracy": 0.10279999673366547, "loss": 17.18307113647461}, "dtd": {"accuracy": 0.8340425491333008, "loss": 1.6053754091262817}, "average": {"accuracy": 0.8160890843719244, "loss": 2.6277324855327606}}