{"model_info": {"trainable_params": 3148800, "all_params": 338768896, "trainable_percentage": 0.009294832073367208}, "sun397": {"accuracy": 0.7949622273445129, "loss": 0.8904342651367188}, "stanford-cars": {"accuracy": 0.9034945964813232, "loss": 0.36595049500465393}, "resisc45": {"accuracy": 0.9447619318962097, "loss": 0.24777008593082428}, "eurosat": {"accuracy": 0.9818518757820129, "loss": 0.10939104855060577}, "svhn": {"accuracy": 0.9681545495986938, "loss": 0.20232950150966644}, "gtsrb": {"accuracy": 0.9811559915542603, "loss": 0.1054479107260704}, "mnist": {"accuracy": 0.9934999942779541, "loss": 0.036131735891103745}, "dtd": {"accuracy": 0.827659547328949, "loss": 1.0795917510986328}, "average": {"accuracy": 0.9244425892829895, "loss": 0.3796308492310345}}