{"model_info": {"trainable_params": 25190400, "all_params": 581011456, "trainable_percentage": 0.0433561158560013}, "sun397": {"accuracy": 0.7985894083976746, "loss": 1.0545024871826172}, "stanford-cars": {"accuracy": 0.9241387844085693, "loss": 0.37585097551345825}, "resisc45": {"accuracy": 0.9590476155281067, "loss": 0.2543452978134155}, "eurosat": {"accuracy": 0.9666666388511658, "loss": 0.25360602140426636}, "svhn": {"accuracy": 0.9650046229362488, "loss": 0.30343759059906006}, "gtsrb": {"accuracy": 0.9916864633560181, "loss": 0.04860411211848259}, "mnist": {"accuracy": 0.10279999673366547, "loss": 17.755977630615234}, "dtd": {"accuracy": 0.8377659320831299, "loss": 1.6832250356674194}, "average": {"accuracy": 0.8182124327868223, "loss": 2.7161936438642442}}