{"model_info": {"trainable_params": 3148800, "all_params": 338768896, "trainable_percentage": 0.009294832073367208}, "sun397": {"accuracy": 0.7847858667373657, "loss": 0.8585060238838196}, "stanford-cars": {"accuracy": 0.8814824223518372, "loss": 0.4013655483722687}, "resisc45": {"accuracy": 0.929206371307373, "loss": 0.25030016899108887}, "eurosat": {"accuracy": 0.9751851558685303, "loss": 0.09220068156719208}, "svhn": {"accuracy": 0.9621235132217407, "loss": 0.21943224966526031}, "gtsrb": {"accuracy": 0.9790973663330078, "loss": 0.08711538463830948}, "mnist": {"accuracy": 0.9891999959945679, "loss": 0.05619664117693901}, "dtd": {"accuracy": 0.8239361643791199, "loss": 0.9103450179100037}, "average": {"accuracy": 0.9156271070241928, "loss": 0.3594327145256102}}