{"model_info": {"trainable_params": 303179776, "all_params": 303179776, "trainable_percentage": 1.0}, "sun397": {"accuracy": 0.7539042830467224, "loss": 0.8460005521774292}, "stanford-cars": {"accuracy": 0.8823529481887817, "loss": 0.3599044680595398}, "resisc45": {"accuracy": 0.9068254232406616, "loss": 0.2916560769081116}, "eurosat": {"accuracy": 0.9681481719017029, "loss": 0.09324482083320618}, "svhn": {"accuracy": 0.9586662650108337, "loss": 0.1640954166650772}, "gtsrb": {"accuracy": 0.9216943979263306, "loss": 0.304222971200943}, "mnist": {"accuracy": 0.9848999977111816, "loss": 0.061041537672281265}, "dtd": {"accuracy": 0.7292553186416626, "loss": 0.9522609114646912}, "average": {"accuracy": 0.8882183507084846, "loss": 0.3840533443726599}}