{"model_info": {"trainable_params": 303179776, "all_params": 303179776, "trainable_percentage": 1.0}, "sun397": {"accuracy": 0.7251385450363159, "loss": 0.9268497824668884}, "stanford-cars": {"accuracy": 0.8154458403587341, "loss": 0.5257353186607361}, "resisc45": {"accuracy": 0.8231745958328247, "loss": 0.5419102311134338}, "eurosat": {"accuracy": 0.885185182094574, "loss": 0.40087273716926575}, "svhn": {"accuracy": 0.816303014755249, "loss": 0.5890035629272461}, "gtsrb": {"accuracy": 0.7402216792106628, "loss": 0.9786084294319153}, "mnist": {"accuracy": 0.9661999940872192, "loss": 0.18964053690433502}, "dtd": {"accuracy": 0.617553174495697, "loss": 1.3679667711257935}, "average": {"accuracy": 0.7986527532339096, "loss": 0.6900734212249517}}