{"model_info": {"trainable_params": 303179776, "all_params": 303179776, "trainable_percentage": 1.0}, "sun397": {"accuracy": 0.7196473479270935, "loss": 0.9811567664146423}, "stanford-cars": {"accuracy": 0.789951503276825, "loss": 0.6211705207824707}, "resisc45": {"accuracy": 0.8057143092155457, "loss": 0.624221920967102}, "eurosat": {"accuracy": 0.8462963104248047, "loss": 0.5003376007080078}, "svhn": {"accuracy": 0.8749231696128845, "loss": 0.43349790573120117}, "gtsrb": {"accuracy": 0.8348376750946045, "loss": 0.6614385843276978}, "mnist": {"accuracy": 0.9804999828338623, "loss": 0.08464103192090988}, "dtd": {"accuracy": 0.585106372833252, "loss": 1.5108691453933716}, "average": {"accuracy": 0.804622083902359, "loss": 0.6771666845306754}}