{"model_info": {"trainable_params": 303179776, "all_params": 303179776, "trainable_percentage": 1.0}, "sun397": {"accuracy": 0.747506320476532, "loss": 0.8649705052375793}, "stanford-cars": {"accuracy": 0.8316130042076111, "loss": 0.4892539978027344}, "resisc45": {"accuracy": 0.8650793433189392, "loss": 0.4355679750442505}, "eurosat": {"accuracy": 0.8970370292663574, "loss": 0.3385787308216095}, "svhn": {"accuracy": 0.8967424631118774, "loss": 0.35422202944755554}, "gtsrb": {"accuracy": 0.8519397974014282, "loss": 0.630303680896759}, "mnist": {"accuracy": 0.9775000214576721, "loss": 0.11029025912284851}, "dtd": {"accuracy": 0.63882976770401, "loss": 1.316478967666626}, "average": {"accuracy": 0.8382809683680534, "loss": 0.5674582682549953}}