{"model_info": {"trainable_params": 25387200, "all_params": 1940162752, "trainable_percentage": 0.013085087822570464}, "sun397": {"accuracy": 0.8159193992614746, "loss": 0.8195030689239502}, "stanford-cars": {"accuracy": 0.9256311655044556, "loss": 0.30607539415359497}, "resisc45": {"accuracy": 0.9584127068519592, "loss": 0.2012176662683487}, "eurosat": {"accuracy": 0.9814814925193787, "loss": 0.09108993411064148}, "svhn": {"accuracy": 0.975952684879303, "loss": 0.15333691239356995}, "gtsrb": {"accuracy": 0.9932699799537659, "loss": 0.043873127549886703}, "mnist": {"accuracy": 0.9950000047683716, "loss": 0.024029092863202095}, "dtd": {"accuracy": 0.8382978439331055, "loss": 1.0942295789718628}, "average": {"accuracy": 0.9354956597089767, "loss": 0.3416693469043821}}